PROJECT_EN,last_project_date,project_90d_median_ppsf,project_90d_transaction_count,log_project_90d_count,project_history_available
PALACE TOWER,2026-01-02 15:17:04,1032.2936089581428,,,1
ALEF NOON RESIDENCE,2026-01-02 16:00:37,1050.2432696700403,1.0,0.6931471805599453,1
Sunridge,2026-01-05 13:54:29,3882.5493293582135,,,1
Century,2026-01-05 15:00:42,1918.7310464549346,,,1
VOI Residence by HVM Living,2026-01-05 15:29:41,1037.3978159068347,1.0,0.6931471805599453,1
Azizi Riviera 30,2026-01-08 15:28:18,2002.5809586961905,,,1
CONDOR GOLF LINKS 18,2026-01-08 15:31:39,1210.6426853723938,,,1
SUNCITY HOMES,2026-01-09 09:47:30,1088.3098827676563,,,1
BLISS HOMES,2026-01-09 12:09:11,1385.3794529130216,,,1
PARK LANE BY HEILBRONN,2026-01-09 15:31:06,1464.0947707498065,,,1
PARK ONE,2026-01-12 09:54:36,1511.3089707170175,,,1
Lilian Residences,2026-01-13 18:40:25,1121.9645128038053,,,1
DEANSGATE by ADE,2026-01-16 09:53:18,933.7266205629933,4.0,1.6094379124341003,1
Luxury Family Residence III,2026-01-16 10:05:28,2593.6832725761537,,,1
DAMAC LAGOONS - LAGOON VIEWS 2,2026-01-16 12:02:17,1765.81438970421,,,1
SILICON BOULEVARD,2026-01-19 10:39:47,1536.1573799930698,,,1
BEACH WALK RESIDENCES 1,2026-01-20 15:42:54,2244.219767712107,1.0,0.6931471805599453,1
QPOINT LIWAN-PLOT R022,2026-01-21 13:08:17,1126.7072867411057,,,1
Keturah Resort,2026-01-22 07:45:46,4530.1009952826325,8.0,2.1972245773362196,1
QPOINT LIWAN-PLOT R053,2026-01-22 12:03:01,1123.3096334866957,,,1
VOLANTE 2,2026-01-22 13:16:21,5146.841298141199,2.0,1.0986122886681098,1
QPOINT LIWAN-PLOT R009,2026-01-23 08:47:48,695.2939406913948,2.0,1.0986122886681098,1
Bulgari Lighthouse Dubai,2026-01-23 10:12:35,,,,0
THE WATER FRONT,2026-01-26 11:14:29,1115.777160696893,1.0,0.6931471805599453,1
Barari Parkview by Al Mawared,2026-01-26 13:32:31,1843.3556734139258,,,1
DAMAC LAGOONS - LAGOON VIEWS 7,2026-01-28 12:47:04,1745.2518799124173,,,1
AZIZI RIVIERA 63,2026-01-29 14:48:11,1946.234085142845,1.0,0.6931471805599453,1
LUCE,2026-01-30 08:01:52,3474.062218594233,,,1
08 Life Residences,2026-01-30 13:17:00,1050.5660967837173,3.0,1.3862943611198906,1
Binghatti Gems,2026-02-02 10:35:53,1462.5507701622423,,,1
ELITE 5 SPORTS RESIDENCE,2026-02-02 11:07:18,962.6158981787001,3.0,1.3862943611198906,1
LUMINA VISTA RESIDENCES,2026-02-04 14:39:56,1453.390587370398,,,1
DRAGON VIEW,2026-02-05 10:36:44,663.5937850460468,,,1
AMALIA RESIDENCES,2026-02-05 11:57:06,1371.939662053413,,,1
ALSEEF I,2026-02-05 12:08:54,1696.3893202987224,,,1
AVA AT PALM JUMEIRAH BY OMNIYAT,2026-02-05 15:13:39,7687.945774190659,1.0,0.6931471805599453,1
Nexara Tower,2026-02-06 13:49:15,1513.009751142307,2.0,1.0986122886681098,1
Sensoria at Five Luxe,2026-02-07 11:17:47,5371.747854879081,1.0,0.6931471805599453,1
Binghatti Luna,2026-02-09 15:03:30,1456.2426313962735,,,1
DAMAC LAGOONS - LAGOON VIEWS 5,2026-02-11 11:54:04,1271.050390432549,1.0,0.6931471805599453,1
BURJ PACIFIC,2026-02-11 12:57:42,1200.5942941756168,3.0,1.3862943611198906,1
Rose Gardens 3,2026-02-11 17:04:02,1599.5995505799228,,,1
MAS TOWER,2026-02-12 12:49:54,1349.534848990291,,,1
TRAFALGAR CENTRAL,2026-02-13 17:35:08,977.1562440856856,1.0,0.6931471805599453,1
Azizi Greenfield,2026-02-13 18:01:09,1552.5904308576821,1.0,0.6931471805599453,1
WADI 645,2026-02-16 12:46:48,1822.8907273594732,,,1
DAMAC LAGOONS - LAGOON VIEWS 4,2026-02-16 14:38:55,1723.0418805463983,,,1
Rome 2 by SD,2026-02-17 00:55:01,1738.6449064200501,3.0,1.3862943611198906,1
TAVORA RESIDENCES BY JHK HEIGHTS REAL ESTATE DEVELOPMENT,2026-02-17 10:06:20,1076.6103088286568,1.0,0.6931471805599453,1
Beach Walk Grand By Imtiaz,2026-02-17 12:02:16,2445.0393308925654,3.0,1.3862943611198906,1
MAG 330,2026-02-18 10:01:06,1254.268473260197,21.0,3.091042453358316,1
Divine Residencia,2026-02-18 10:26:07,1549.4986097842009,,,1
Elire,2026-02-19 12:29:36,2745.8723183312827,,,1
The Cube Quarter Residences,2026-02-19 12:42:51,1772.9604943978347,,,1
"Mohammed Bin Rashid Al Maktoum City , District One Phase III  , Residences 18",2026-02-19 18:08:10,2211.7467099350906,,,1
MURANO RESIDENCE 1,2026-02-20 11:02:12,1363.4978628828046,,,1
LA VISTA 03,2026-02-20 11:41:12,1358.2256330035084,,,1
AG ARK TOWER,2026-02-21 13:08:20,1061.1768743684424,3.0,1.3862943611198906,1
The Residence By Prestige One,2026-02-22 09:08:28,1385.9773798299348,1.0,0.6931471805599453,1
Lucky Oasis Residence,2026-02-23 22:00:14,1638.8410972983047,4.0,1.6094379124341003,1
AVENUE RESIDENCE 5,2026-02-24 10:02:00,1563.3252561179468,4.0,1.6094379124341003,1
Serenova,2026-02-24 11:16:44,1718.1907938033146,1.0,0.6931471805599453,1
Olaia Residences,2026-02-24 15:17:06,3979.1685341082857,4.0,1.6094379124341003,1
EDEN GARDEN,2026-02-25 12:28:52,908.4606808174241,2.0,1.0986122886681098,1
Al Fouad,2026-02-26 12:07:52,945.4004229962018,1.0,0.6931471805599453,1
Royal Yacht Club Residence,2026-02-26 12:46:07,3130.6009966895263,3.0,1.3862943611198906,1
URBANA II,2026-02-27 10:13:16,950.2221359549092,2.0,1.0986122886681098,1
The Waterway by Prestige One,2026-02-27 12:32:46,2257.4570605254353,,,1
Alfal Residences,2026-03-02 13:30:04,1575.962733281259,6.0,1.9459101490553132,1
Haven Bay Residences,2026-03-04 11:23:25,1633.0933747099575,2.0,1.0986122886681098,1
ROXANA RESIDENCE,2026-03-04 14:17:37,1139.9761393469626,2.0,1.0986122886681098,1
ONE CANAL,2026-03-05 09:50:36,5956.221119943965,2.0,1.0986122886681098,1
Celestara Residences,2026-03-05 11:01:42,1673.9689523385293,8.0,2.1972245773362196,1
LYNX,2026-03-05 14:35:10,1375.5782538117546,,,1
CLUB VISTA MARE,2026-03-05 14:52:19,3611.2135082984496,,,1
QPOINT LIWAN-PLOT R017,2026-03-05 14:55:47,1064.1400516800136,,,1
Sobha SkyParks,2026-03-06 14:02:24,4250.037730940967,82.0,4.418840607796598,1
CREEK VIEWS,2026-03-07 13:46:21,1586.701545559771,3.0,1.3862943611198906,1
W Residences Dubai - The Palm,2026-03-09 10:15:15,4958.607884344447,2.0,1.0986122886681098,1
Manhattan 2 by SD,2026-03-10 12:41:01,1456.06875812944,,,1
PIER 8,2026-03-11 09:11:00,800.0074322503926,7.0,2.0794415416798357,1
Binghatti Point,2026-03-11 10:43:36,988.9082614479172,2.0,1.0986122886681098,1
161 Jumeirah Lane,2026-03-11 10:44:50,1949.9983003850084,5.0,1.791759469228055,1
Azizi Riviera 2,2026-03-11 12:38:06,2001.972505791634,,,1
THE 8,2026-03-11 13:57:28,4092.152735715944,5.0,1.791759469228055,1
ART BAY EAST,2026-03-11 15:09:43,1888.3482002937337,,,1
The Stella Residences,2026-03-12 10:02:34,1301.6493847385475,5.0,1.791759469228055,1
Cove Edition Residence 1 By Imtiaz,2026-03-12 12:35:04,1274.8209113077155,4.0,1.6094379124341003,1
Easy18,2026-03-12 13:53:22,1097.2025219786474,,,1
Dawn by Binghatti,2026-03-12 21:20:39,1396.7007890881878,1.0,0.6931471805599453,1
LADY RATAN MANOR,2026-03-13 11:20:00,838.5632277617117,5.0,1.791759469228055,1
Sunset Bay Two By Imtiaz,2026-03-16 14:24:13,1846.4822413249176,5.0,1.791759469228055,1
GOLF TOWER,2026-03-17 13:13:05,1306.3236793686665,,,1
Bayview Boulevard,2026-03-17 13:57:33,1893.7885577109287,11.0,2.4849066497880004,1
AZIZI. DAISY,2026-03-18 10:29:08,1052.762355691268,4.0,1.6094379124341003,1
All Seasons Residence,2026-03-18 12:16:52,1463.8693983741482,6.0,1.9459101490553132,1
The Pulse Residence Icon,2026-03-18 12:51:38,1191.3070618484287,,,1
QPOINT LIWAN-PLOT R070,2026-03-18 13:15:19,817.9754072358992,3.0,1.3862943611198906,1
Oxford Terraces,2026-03-18 13:23:34,1462.082146032194,,,1
"Mohammed Bin Rashid Al Maktoum City , District One Phase III  , Residences 3",2026-03-23 12:00:10,2189.3725419511043,,,1
BAY'S EDGE,2026-03-24 13:11:16,1706.9890112666267,2.0,1.0986122886681098,1
NAS3,2026-03-24 13:52:39,1232.0222922998541,1.0,0.6931471805599453,1
NOORA RESIDENCE 1,2026-03-25 12:24:52,873.3407876796224,2.0,1.0986122886681098,1
QPOINT LIWAN-PLOT R015,2026-03-25 13:07:09,1092.4498200983567,,,1
PELaGOS By IGO,2026-03-25 13:16:48,2848.200749640223,3.0,1.3862943611198906,1
Azizi  Riviera 34,2026-03-25 14:44:49,1759.9968502370375,2.0,1.0986122886681098,1
NO.9 & NO.10 CITYWALK RESIDENTIAL,2026-03-26 11:58:20,2800.5118555049676,4.0,1.6094379124341003,1
HAVELOCK RESIDENCES,2026-03-26 12:11:07,1319.1117788640213,8.0,2.1972245773362196,1
Qline (Qpoint phase II) R010,2026-03-26 12:49:47,868.8944452215587,2.0,1.0986122886681098,1
LA RESIDENZA,2026-03-26 13:49:45,1465.2002351625388,,,1
Armani Beach Residences At Palm Jumeirah,2026-03-27 20:46:21,8028.569108202123,1.0,0.6931471805599453,1
"Mohammed Bin Rashid Al Maktoum City , District One Phase III  , Residences 25",2026-03-30 12:35:41,2568.5619001678874,1.0,0.6931471805599453,1
Cresswell Residences,2026-03-30 13:55:48,1144.1544437550235,4.0,1.6094379124341003,1
VYB,2026-03-30 14:55:59,1992.7108041744755,10.0,2.3978952727983707,1
Azizi Park Avenue,2026-03-30 15:35:35,1067.4430858649546,1.0,0.6931471805599453,1
SUNSET BAY THREE BY IMTIAZ,2026-03-30 16:12:59,1857.7606343215837,2.0,1.0986122886681098,1
Samana Lake Views,2026-03-30 18:12:12,1458.904992730173,4.0,1.6094379124341003,1
Tabeer 1,2026-03-31 10:42:08,1098.251716626268,3.0,1.3862943611198906,1
TUSCAN RESIDENCE 1,2026-03-31 11:46:56,736.6686879290042,1.0,0.6931471805599453,1
ROVE HOME DUBAI MARINA,2026-03-31 13:30:43,3563.470709106463,9.0,2.302585092994046,1
barari views,2026-03-31 15:24:40,925.6784479929948,1.0,0.6931471805599453,1
VISTARA HOUSE 2,2026-03-31 16:59:17,1454.8988851686138,1.0,0.6931471805599453,1
Riviera Chalet,2026-03-31 17:01:41,1472.061156770535,,,1
EYWA DUBAI,2026-04-01 11:01:10,2577.0632428972694,,,1
ELLINGTON BEACH HOUSE,2026-04-01 13:08:58,3839.5263456823254,4.0,1.6094379124341003,1
ROSEMONT RESIDENCES,2026-04-01 14:18:24,1672.9953685260507,,,1
Binghatti Rose,2026-04-01 16:55:48,1159.3280738676078,2.0,1.0986122886681098,1
LA RIVIERA AZURE,2026-04-02 09:39:46,987.7950234167041,1.0,0.6931471805599453,1
QPOINT LIWAN-PLOT R097,2026-04-02 12:22:28,794.6806086624672,3.0,1.3862943611198906,1
Atelis at d3,2026-04-02 13:04:05,3494.980108905047,2.0,1.0986122886681098,1
HAVEN LIVING,2026-04-02 14:43:57,2796.61824634144,,,1
Erin,2026-04-02 16:20:39,2926.848434000676,10.0,2.3978952727983707,1
SERA 2,2026-04-03 16:30:08,2758.6807020552037,29.0,3.4011973816621555,1
"Mohammed Bin Rashid Al Maktoum City , District One Phase III  , Residences 23",2026-04-06 09:24:04,2256.0698306871495,1.0,0.6931471805599453,1
Island Park I,2026-04-06 10:38:24,2431.0842686932347,15.0,2.772588722239781,1
ARAS HEIGHTS,2026-04-06 11:16:31,1087.1483031446169,6.0,1.9459101490553132,1
AARK RESIDENCES,2026-04-06 16:11:43,1266.6893862153074,2.0,1.0986122886681098,1
DGM Vision,2026-04-06 17:49:08,2236.0433707411166,4.0,1.6094379124341003,1
Trillium Heights,2026-04-06 17:50:00,2204.6772231301557,,,1
Trussardi Residences,2026-04-06 19:08:26,1349.029103271151,,,1
QPOINT LIWAN-PLOT R069,2026-04-07 09:18:49,708.7732749984817,1.0,0.6931471805599453,1
AL HELAL AL ZAHABY BUILDING,2026-04-07 14:00:47,784.6098861265884,3.0,1.3862943611198906,1
Palace Residences Hillside B,2026-04-07 14:29:57,2449.71573818341,,,1
THE ANWA BY OMNIYAT,2026-04-07 14:45:04,1756.3763235419333,7.0,2.0794415416798357,1
Nautica One,2026-04-07 17:18:29,2473.508282947792,5.0,1.791759469228055,1
MON REVE,2026-04-07 22:40:43,1749.9980203274638,4.0,1.6094379124341003,1
JADE RESIDENCE,2026-04-08 11:09:29,1363.437227741042,,,1
Nadine Residences 2,2026-04-08 13:41:32,1515.4055970180684,3.0,1.3862943611198906,1
BELMONT RESIDENCES,2026-04-09 10:59:13,1535.2597697907913,2.0,1.0986122886681098,1
QPOINT LIWAN-PLOT R095,2026-04-09 12:39:35,878.084982271299,1.0,0.6931471805599453,1
Imperial Residence,2026-04-10 09:34:09,1343.1624136131104,,,1
Vida Dubai Mall,2026-04-10 11:22:13,3854.190878390426,5.0,1.791759469228055,1
Solcasa Residence,2026-04-10 11:32:46,1765.6268400330814,3.0,1.3862943611198906,1
Azizi Riviera 36,2026-04-10 11:33:10,1901.1173137641788,1.0,0.6931471805599453,1
MIAMI BY SD,2026-04-10 14:43:11,1266.15684385314,2.0,1.0986122886681098,1
Uniestate Prime Tower,2026-04-13 10:58:44,1484.3319367852243,,,1
Vayla Residences,2026-04-13 12:05:16,2823.1004560612473,,,1
Wellington Ocean by ANK Motiwala Developments,2026-04-13 14:52:03,2114.538809542973,6.0,1.9459101490553132,1
DAMAC RIVERSIDE VIEWS - ROYAL 3&4,2026-04-13 15:14:33,1606.0261264849214,15.0,2.772588722239781,1
Bay Grove Residences D - Dubai Islands,2026-04-13 15:44:43,2824.029346841561,,,1
ONE AT PALM JUMEIRAH,2026-04-14 08:49:09,9070.96066901218,1.0,0.6931471805599453,1
Veda by AUM One Real Estate Development,2026-04-14 15:28:19,1558.5468936188627,11.0,2.4849066497880004,1
Zazen Gardens,2026-04-15 11:29:27,1496.2199906583628,1.0,0.6931471805599453,1
Blue Marina Residence by Shakirov Developments,2026-04-15 20:14:38,2480.74026966413,18.0,2.9444389791664403,1
Rose Gardens 2,2026-04-16 10:33:57,1268.9999983331986,16.0,2.833213344056216,1
Westar Altair,2026-04-16 13:59:38,1223.641574038257,1.0,0.6931471805599453,1
Arka Enclave Residences,2026-04-16 15:56:13,2320.056314605152,25.0,3.258096538021482,1
VICTORIA RESIDENCY,2026-04-17 10:16:36,1353.98339354306,,,1
Orra The Embankment,2026-04-17 10:36:39,800.0007759125986,13.0,2.6390573296152584,1
MADINA TOWER,2026-04-20 12:35:12,1379.1154900755505,1.0,0.6931471805599453,1
VERDANIA 2,2026-04-21 12:02:22,1483.7723593039182,3.0,1.3862943611198906,1
99 PARK PLACE,2026-04-21 13:05:00,1488.8322100392077,5.0,1.791759469228055,1
QPOINT LIWAN-PLOT R068,2026-04-21 15:19:43,619.8237994699198,4.0,1.6094379124341003,1
CANAL CROWN,2026-04-21 16:20:11,2797.6377580907238,11.0,2.4849066497880004,1
UNIESTATE SUPREME RESIDENCE,2026-04-22 08:55:33,1347.8615365168635,1.0,0.6931471805599453,1
"NO.20, NO.21A, NO.21B AND NO.22 CITYWALK RESIDENTIAL",2026-04-22 11:04:59,2762.394252637453,,,1
CAVALLI COUTURE,2026-04-22 11:16:35,5091.66503385442,3.0,1.3862943611198906,1
EQUITI RESIDENCE,2026-04-23 12:04:46,1084.2564430228067,2.0,1.0986122886681098,1
Binghatti Mirage,2026-04-23 13:32:18,1213.0457421628641,3.0,1.3862943611198906,1
ONE PARK SQUARE BY IMAN,2026-04-24 16:12:48,1467.3430741914456,2.0,1.0986122886681098,1
Nuvana by Wadan,2026-04-24 16:52:22,1821.8401784619089,7.0,2.0794415416798357,1
GREYGATE RESIDENCES by ADE,2026-04-25 15:43:38,1385.7297139935135,4.0,1.6094379124341003,1
Mackerel Tower,2026-04-25 19:27:23,1802.6017660806003,9.0,2.302585092994046,1
HUB CANAL 1 TOWER,2026-04-27 09:17:32,814.3913091870259,4.0,1.6094379124341003,1
Luxury Family Residence,2026-04-27 10:32:03,1500.525597044836,,,1
"Mohammed Bin Rashid Al Maktoum City , District One Phase III  , Residences 6",2026-04-27 10:58:43,2174.4777492181634,2.0,1.0986122886681098,1
VELA by OMNIYAT,2026-04-27 11:46:00,6769.160029230997,1.0,0.6931471805599453,1
AL WALEED GARDEN 2,2026-04-27 12:46:24,1521.0799862937001,2.0,1.0986122886681098,1
EXECUTIVE BAY B,2026-04-27 13:28:13,1525.1451907718713,3.0,1.3862943611198906,1
Minati Homes 1,2026-04-27 14:20:45,1378.955673447429,13.0,2.6390573296152584,1
LUCKY ROYALE RESIDENCE,2026-04-28 22:00:17,1167.3478571995154,3.0,1.3862943611198906,1
Grenland Residence By arloid,2026-04-29 11:14:09,1243.3950367557193,2.0,1.0986122886681098,1
The Roof Residence,2026-04-29 11:28:12,1863.2686720070285,,,1
Creek Beach - Surf,2026-04-29 11:58:08,2418.037582000641,4.0,1.6094379124341003,1
Six Senses Residences Dubai Marina,2026-04-29 15:23:04,3119.9802013549674,3.0,1.3862943611198906,1
BERKELEY PLACE,2026-04-29 17:45:12,2317.4173929347007,4.0,1.6094379124341003,1
ENSO JADE,2026-04-29 18:55:44,2153.3927692476177,104.0,4.653960350157523,1
HAMILTON RESIDENCY,2026-04-30 08:12:54,1542.193022925244,2.0,1.0986122886681098,1
Avenue Residence 2,2026-04-30 11:32:21,1422.2350942301696,2.0,1.0986122886681098,1
LA FONTANA DI TREVI,2026-05-01 10:11:32,909.651761536088,3.0,1.3862943611198906,1
City Walk Crestlane 2,2026-05-01 10:21:54,3364.393181797241,,,1
Pier Point 1,2026-05-01 11:44:41,2890.7703640101186,,,1
Golf Meadow,2026-05-01 13:27:47,1738.4113388208484,3.0,1.3862943611198906,1
OLYMPIC PARK 3,2026-05-01 15:20:22,802.4996549317307,2.0,1.0986122886681098,1
Repose Residence,2026-05-02 14:55:20,1249.996768762312,23.0,3.1780538303479458,1
Peninsula Dubai Residences - Tower 1,2026-05-04 10:27:00,7026.702800690649,1.0,0.6931471805599453,1
Mallside Residence,2026-05-04 11:32:40,3357.9402167032194,2.0,1.0986122886681098,1
Belle Reve By Zimaya,2026-05-04 11:33:11,1292.9571832283789,1.0,0.6931471805599453,1
VICEROY HOTEL RESORTS RESIDENCES,2026-05-04 15:14:01,2572.952255076657,4.0,1.6094379124341003,1
Esme' Beach Residences,2026-05-05 09:44:13,4268.604590384811,1.0,0.6931471805599453,1
Azizi Riviera 19,2026-05-05 11:31:49,2202.0792435811636,2.0,1.0986122886681098,1
Elysee III by Pantheon,2026-05-05 11:47:46,1526.6947533117566,1.0,0.6931471805599453,1
CASA AHS,2026-05-05 16:53:54,4560.014510112092,9.0,2.302585092994046,1
The Cove ll,2026-05-05 16:55:54,2271.470168861774,19.0,2.995732273553991,1
Views VII by Golden Woods,2026-05-05 17:19:38,1286.9995411958366,5.0,1.791759469228055,1
Park ville 07,2026-05-06 13:06:00,947.024687940165,2.0,1.0986122886681098,1
QPOINT LIWAN-R019,2026-05-06 14:27:26,665.5417120080214,3.0,1.3862943611198906,1
SUNSET BAY FIVE by Imtiaz,2026-05-06 16:27:51,2010.4154291252853,12.0,2.5649493574615367,1
SUNSET BAY FOUR BY IMTIAZ,2026-05-06 16:36:22,1832.9250868272047,3.0,1.3862943611198906,1
EMERALD PALACE KEMPINSKI HOTEL,2026-05-06 19:05:45,6882.2564888750885,1.0,0.6931471805599453,1
DAMAC HILLS - GOLF HORIZON,2026-05-07 11:16:34,1301.5882268920898,5.0,1.791759469228055,1
QPOINT LIWAN-PLOT R016,2026-05-07 11:45:07,714.3647051629877,1.0,0.6931471805599453,1
Lusin Residences by Ermax Development,2026-05-07 12:33:56,1269.1110045249247,3.0,1.3862943611198906,1
SAMANA MIAMI,2026-05-07 13:34:30,1504.552772015595,,,1
Terrazzo Residences,2026-05-07 13:55:05,1389.6307165772532,1.0,0.6931471805599453,1
LUXURY CANAL RESIDENCES,2026-05-07 16:33:12,2675.5493242698562,,,1
WHITECLIFFS RESIDENCES,2026-05-07 16:50:07,1824.0020812838134,5.0,1.791759469228055,1
Azurline Residences by MAAS Developers,2026-05-07 17:51:48,1487.4477024626462,6.0,1.9459101490553132,1
ELARA,2026-05-08 13:08:31,3054.3494763763247,,,1
Il PRIMO,2026-05-08 14:36:27,2755.6295788322573,,,1
THE IVY,2026-05-08 15:38:33,1482.5725809836492,7.0,2.0794415416798357,1
Woodland Terraces,2026-05-09 12:56:12,1793.0444749003398,1.0,0.6931471805599453,1
Palm Central Private Residences - Frond M,2026-05-11 12:13:41,3448.789763344521,19.0,2.995732273553991,1
Parkside Boulevard,2026-05-11 14:43:04,1379.7039696239017,12.0,2.5649493574615367,1
Roof Comfort,2026-05-11 14:57:06,1211.684169991596,1.0,0.6931471805599453,1
Time 3,2026-05-11 17:02:23,995.5831351633412,5.0,1.791759469228055,1
EVERGRIN HOUSE,2026-05-11 17:48:30,2473.49629162605,4.0,1.6094379124341003,1
HATIMI RESIDENCES BY FAKHRUDDIN,2026-05-11 17:57:56,2899.612841049432,,,1
NO 9,2026-05-12 13:53:11,2478.346084323428,2.0,1.0986122886681098,1
The Pulse Boulevard Apartments-C1,2026-05-12 14:49:53,1250.3922588870093,,,1
Club Drive,2026-05-12 14:53:58,2135.6311192019707,5.0,1.791759469228055,1
AZIZI RIVIERA 67,2026-05-12 21:39:26,2123.091766284683,4.0,1.6094379124341003,1
Avenue Residence 7 By Nabni,2026-05-13 12:52:33,1498.9996909186139,7.0,2.0794415416798357,1
MARINA 101,2026-05-13 13:49:24,1322.19814313686,2.0,1.0986122886681098,1
BALQIS RESIDENCE,2026-05-14 12:24:42,2161.769097452693,3.0,1.3862943611198906,1
THE VYNE RESIDENCES,2026-05-14 12:26:41,1595.9080950488988,5.0,1.791759469228055,1
Ayaan Heights I,2026-05-14 12:27:25,2320.4402470693235,,,1
Azizi Riviera 31,2026-05-14 12:59:02,1439.0988614212092,2.0,1.0986122886681098,1
Aurea,2026-05-14 15:22:23,2903.8513944569877,7.0,2.0794415416798357,1
Westwood Grande II By Imtiaz,2026-05-14 15:43:15,1653.4728863273592,3.0,1.3862943611198906,1
105 Residences by Kamdar,2026-05-14 17:00:14,1548.385498440776,3.0,1.3862943611198906,1
Celadon,2026-05-15 09:24:59,2991.16102078412,10.0,2.3978952727983707,1
ARABIAN GATE,2026-05-15 10:11:13,1042.026253522551,6.0,1.9459101490553132,1
La Boutique,2026-05-15 10:49:26,1538.1113506256906,2.0,1.0986122886681098,1
IRIS AMBER,2026-05-15 10:53:18,1629.3244305063845,3.0,1.3862943611198906,1
GRAND HORIZON 1,2026-05-15 12:18:13,720.4534787610411,2.0,1.0986122886681098,1
AZIZI RIVIERA 69,2026-05-15 12:37:01,2026.9309533597054,3.0,1.3862943611198906,1
Zephyra Residences,2026-05-15 13:14:17,2199.5047077674503,7.0,2.0794415416798357,1
EXQUISITE LIVING RESIDENCES,2026-05-15 15:09:45,2770.489822749099,4.0,1.6094379124341003,1
"Mohammed Bin Rashid Al Maktoum City , District One Phase III  , Residences 7",2026-05-16 12:08:16,2121.819480300509,,,1
AURA ELITE,2026-05-16 14:54:29,1010.6152755698105,7.0,2.0794415416798357,1
Floarea Vista,2026-05-18 10:31:57,1612.9459564905,4.0,1.6094379124341003,1
ORLA BY OMNIYAT,2026-05-18 13:02:28,4209.857255140772,,,1
SOLEN RESIDENCE by Jamal Living,2026-05-18 17:47:38,1339.3301828102278,13.0,2.6390573296152584,1
Ashwood Residences by Skyland Horizons Real Estate Development,2026-05-18 18:57:42,1961.5794699227354,1.0,0.6931471805599453,1
THE WINGS,2026-05-19 09:18:51,1130.5671893377094,3.0,1.3862943611198906,1
MIRDIF TULIP,2026-05-19 11:01:47,1350.0072048218594,,,1
Azura Residences,2026-05-19 11:12:25,2287.1455460872494,2.0,1.0986122886681098,1
DUBAI STAR,2026-05-19 11:30:16,1455.5501560298794,4.0,1.6094379124341003,1
The Weave,2026-05-19 12:19:34,1640.0101449081428,1.0,0.6931471805599453,1
Azizi Riviera 27,2026-05-19 13:33:16,1741.6691551937477,5.0,1.791759469228055,1
Ayamore Residence,2026-05-19 13:48:47,2495.44721687484,1.0,0.6931471805599453,1
2020 Marquis,2026-05-19 14:31:47,1349.487757686783,2.0,1.0986122886681098,1
"Mohammed Bin Rashid Al Maktoum City , District One Phase III  , Residences 26",2026-05-19 16:57:38,1828.8564309614806,30.0,3.4339872044851463,1
Blossom 76 by Tranquil,2026-05-19 17:59:47,1462.452307685634,8.0,2.1972245773362196,1
Ocean Star,2026-05-20 09:48:58,2184.545707125312,3.0,1.3862943611198906,1
QPOINT LIWAN-PLOT R096,2026-05-20 10:17:50,1049.211563878509,,,1
Azizi Riviera 59,2026-05-20 11:38:30,2061.020069451988,,,1
Dubai Harbour Residences (Area 1),2026-05-20 12:37:23,4816.29290195305,4.0,1.6094379124341003,1
Ocean Point,2026-05-20 13:20:18,2125.0474611044206,13.0,2.6390573296152584,1
VEGA,2026-05-20 14:04:52,1487.9550869264751,5.0,1.791759469228055,1
Aria Heights,2026-05-20 17:04:42,1727.8582316342306,9.0,2.302585092994046,1
Vedaire Residences,2026-05-20 17:24:06,2240.622589197238,3.0,1.3862943611198906,1
AG AUM RESIDENCE,2026-05-21 10:49:44,1040.0053522377098,2.0,1.0986122886681098,1
Pearls by Vision,2026-05-21 11:32:13,1290.953139615779,5.0,1.791759469228055,1
AVENUE RESIDENCE 4,2026-05-21 13:12:23,1646.8226969355687,3.0,1.3862943611198906,1
SOLITAIRE CASCADES,2026-05-21 13:33:46,610.2573582025167,1.0,0.6931471805599453,1
BV RESIDENCES,2026-05-21 14:57:00,10837.494323049536,1.0,0.6931471805599453,1
QPOINT LIWAN-PLOT R071,2026-05-21 15:34:13,692.2502482444789,1.0,0.6931471805599453,1
Porto View,2026-05-21 18:42:07,3234.2195996954956,1.0,0.6931471805599453,1
PALLADIUM,2026-05-22 09:00:52,1378.2202101464086,4.0,1.6094379124341003,1
Franck muller Vanguard,2026-05-22 10:54:24,2618.147046617863,1.0,0.6931471805599453,1
SUNRISE LEGEND,2026-05-22 11:18:49,1164.967970051798,3.0,1.3862943611198906,1
Luminar Tower 2,2026-05-22 11:30:16,1453.656804684535,2.0,1.0986122886681098,1
UNIESTATE SPORTS TOWER,2026-05-22 11:38:06,1163.9079166430288,1.0,0.6931471805599453,1
Sea View Residence By Sama Mayas,2026-05-25 15:21:19,1978.6810125229945,2.0,1.0986122886681098,1
EQUITI GARDEN,2026-05-30 19:12:06,1182.9703132035238,2.0,1.0986122886681098,1
Cello Residences,2026-06-01 12:18:44,1405.030369889061,7.0,2.0794415416798357,1
Talea,2026-06-01 13:30:14,2819.6866815650565,5.0,1.791759469228055,1
Iluka Residences,2026-06-01 13:58:44,2977.1104908467255,,,1
Bay Residences Dubai Islands,2026-06-01 14:52:20,2518.73369059931,3.0,1.3862943611198906,1
Port De La Mer - La Sirene,2026-06-01 15:28:29,2916.0740976671354,1.0,0.6931471805599453,1
Allegro Residences,2026-06-01 16:37:36,2321.5860236232147,2.0,1.0986122886681098,1
Trafford Residence,2026-06-01 22:23:46,1191.4454463449886,1.0,0.6931471805599453,1
Vitalia by Pinnacle,2026-06-02 11:26:56,4757.422780564623,1.0,0.6931471805599453,1
GLOBAL GREEN VIEW II,2026-06-02 14:27:33,758.099822091438,,,1
CRICKET TOWER,2026-06-02 15:00:17,917.5093382696807,2.0,1.0986122886681098,1
Golf Suites - Dubai Hills,2026-06-02 15:02:21,2410.6182173378506,3.0,1.3862943611198906,1
ROYALE RESIDENCE2,2026-06-02 15:35:32,930.6299038210427,2.0,1.0986122886681098,1
Villa del Gavi Residences,2026-06-02 16:58:35,3861.770489784547,3.0,1.3862943611198906,1
Luzora Residences,2026-06-03 06:40:53,2431.265221028657,3.0,1.3862943611198906,1
PANTHEON ELYSEE,2026-06-03 09:49:51,1343.5955339863976,1.0,0.6931471805599453,1
City Walk Northline 1,2026-06-03 11:00:52,3354.316837120395,,,1
WYNWOOD RESIDENCES BY IMTIAZ,2026-06-03 12:54:00,2427.5087738181423,17.0,2.8903717578961645,1
Silena Residences,2026-06-03 16:13:06,3545.4813273120535,3.0,1.3862943611198906,1
BEACH WALK GRAND 2 BY IMTIAZ,2026-06-03 16:17:58,2576.031890901053,11.0,2.4849066497880004,1
Cotier House 2 By Imtiaz,2026-06-03 16:20:25,2896.771643152342,2.0,1.0986122886681098,1
ARTHOUSE RESIDENCES TOWER A by AVIAAN,2026-06-03 17:39:18,2176.58652115401,14.0,2.70805020110221,1
CANAL CROWN 2,2026-06-04 10:47:17,2714.8066866651625,2.0,1.0986122886681098,1
TREPPAN SERENIQUE RESIDENCES,2026-06-04 10:53:57,2916.57700267835,6.0,1.9459101490553132,1
BAYSIDE RESIDENCE,2026-06-04 11:19:00,1809.8746846501215,1.0,0.6931471805599453,1
ESSENLIFE RESIDENCE,2026-06-04 12:03:38,1695.3594101263466,9.0,2.302585092994046,1
Cove Edition Residence 3 By Imtiaz,2026-06-04 12:05:50,1547.1456780955252,1.0,0.6931471805599453,1
Palm Beach Towers -1,2026-06-04 12:45:42,3254.704221909278,2.0,1.0986122886681098,1
QPOINT LIWAN-PLOT R004,2026-06-04 12:53:46,592.8610315241882,4.0,1.6094379124341003,1
Maya Residences 5,2026-06-04 13:28:02,1713.4094440672607,,,1
Azizi Riviera 29,2026-06-04 13:30:20,2191.877409536925,1.0,0.6931471805599453,1
THE AUTOGRAPH-S SERIES,2026-06-04 14:32:01,1280.4350865780398,2.0,1.0986122886681098,1
MOONSA Residences,2026-06-04 16:04:42,1230.7564732271744,1.0,0.6931471805599453,1
Roma Residences by JRP,2026-06-05 08:55:49,1114.1161223400402,1.0,0.6931471805599453,1
Beachgate by Address,2026-06-05 09:33:02,4302.192906368366,7.0,2.0794415416798357,1
Rosehill,2026-06-05 10:22:14,2552.6782248245927,8.0,2.1972245773362196,1
Gardenia Livings,2026-06-05 10:25:34,1609.185995228274,,,1
ALSHERA TOWER,2026-06-05 10:33:38,1766.345919443847,,,1
REGINA,2026-06-05 11:49:40,1327.1736455501382,4.0,1.6094379124341003,1
Luxury Family Residence II,2026-06-05 12:23:39,2427.3851319480887,,,1
VOLGA TOWER,2026-06-05 14:33:12,1813.6142826511143,1.0,0.6931471805599453,1
OCTA ISLE Interiors by MISSONI,2026-06-05 17:36:15,2500.5476224594586,12.0,2.5649493574615367,1
Oria,2026-06-06 15:20:40,2202.6887460436883,1.0,0.6931471805599453,1
ALBA,2026-06-08 10:14:21,1109.3870111279484,2.0,1.0986122886681098,1
AVENUE RESIDENCE1,2026-06-08 10:25:31,1270.4490680249596,1.0,0.6931471805599453,1
QPOINT LIWAN-PLOT R055,2026-06-08 10:49:07,726.2341393199861,2.0,1.0986122886681098,1
Azizi Riviera 4,2026-06-08 11:18:25,1838.4192147385736,1.0,0.6931471805599453,1
Azizi Central,2026-06-08 11:34:18,1174.9678258720837,43.0,3.784189633918261,1
Hyde Walk Residence by Imtiaz,2026-06-08 12:26:29,3146.8228348353605,2.0,1.0986122886681098,1
Empire Livings,2026-06-08 13:36:10,1750.3983573751862,,,1
GHARBI II RESIDENCES,2026-06-08 15:23:15,1096.5766715676739,3.0,1.3862943611198906,1
AZIZI RIVIERA 61,2026-06-08 15:58:15,2050.7172225882746,,,1
Tiger Sky Tower,2026-06-09 09:16:23,2880.0027843239122,7.0,2.0794415416798357,1
THE DUNES,2026-06-09 09:20:58,858.3987127904809,2.0,1.0986122886681098,1
MARINA WHARF II,2026-06-09 09:48:09,1320.0038755313788,1.0,0.6931471805599453,1
DAMAC CITY,2026-06-09 10:39:06,2232.2971432299473,31.0,3.4657359027997265,1
Maria Tower,2026-06-09 10:51:36,1235.6477692319934,2.0,1.0986122886681098,1
Coastal Haven by Prestige Harbour Real Estate Development,2026-06-09 11:53:00,2002.682247983299,1.0,0.6931471805599453,1
Whitestone Residence,2026-06-09 12:02:34,2013.9455498805487,8.0,2.1972245773362196,1
Como Residences,2026-06-09 14:37:06,5636.95302998398,2.0,1.0986122886681098,1
"Mohammed Bin Rashid Al Maktoum City , District One Phase III  , Residences 16",2026-06-09 16:46:17,1115.3435365894059,1.0,0.6931471805599453,1
SYANN PARK1,2026-06-09 16:56:19,973.9549721551205,1.0,0.6931471805599453,1
PEARLZ by Danube,2026-06-10 11:43:38,1473.3772043986621,3.0,1.3862943611198906,1
Belvedere,2026-06-10 11:52:37,898.8206036632549,1.0,0.6931471805599453,1
PARK VILLA'S 3,2026-06-10 12:03:25,1513.4009165671794,,,1
Samana Green,2026-06-10 13:11:24,1151.922936747285,2.0,1.0986122886681098,1
Azizi. Iris,2026-06-10 14:12:11,1135.7350844308871,3.0,1.3862943611198906,1
CORAL RESIDENCE,2026-06-10 14:31:53,1385.5647050163927,,,1
API- Barsha Residential Tower,2026-06-10 18:43:47,1995.858607808352,2.0,1.0986122886681098,1
Celia gardens,2026-06-11 09:01:46,1930.9454661361565,8.0,2.1972245773362196,1
QPOINT LIWAN-PLOTR001,2026-06-11 10:29:38,1087.5560066387136,,,1
CORAL REEF,2026-06-11 11:02:23,2576.2474670790634,2.0,1.0986122886681098,1
Azizi Riviera 12,2026-06-11 11:06:23,1893.3134797335802,3.0,1.3862943611198906,1
MAK I'Sola Bella,2026-06-11 12:00:26,1778.2239708655786,8.0,2.1972245773362196,1
Trinity By Karma,2026-06-11 12:38:10,1378.7825811168873,8.0,2.1972245773362196,1
Samana Hills South,2026-06-11 13:16:23,1495.2004584397687,1.0,0.6931471805599453,1
Queen's Garden,2026-06-11 13:44:06,1847.7876359076104,6.0,1.9459101490553132,1
Rena,2026-06-11 14:41:39,3276.917432124498,1.0,0.6931471805599453,1
STAMN ONE,2026-06-11 15:07:09,2125.1460459085624,10.0,2.3978952727983707,1
Almaan 101,2026-06-11 15:59:01,1669.0101199902617,8.0,2.1972245773362196,1
Linden Residences,2026-06-11 16:01:06,750.8860674695088,2.0,1.0986122886681098,1
Golden Wood Views 5,2026-06-11 18:14:19,1738.8423517473395,6.0,1.9459101490553132,1
Living Garden II,2026-06-11 18:18:53,1107.984812474157,1.0,0.6931471805599453,1
VILLA PERA,2026-06-12 09:18:48,773.9258782278956,3.0,1.3862943611198906,1
AZHA DOWNTOWN RESIDENCES,2026-06-12 11:22:56,1560.211742076425,3.0,1.3862943611198906,1
NO.15 & NO.16 CITYWALK RESIDENTIAL,2026-06-12 12:11:48,2081.1122140575053,1.0,0.6931471805599453,1
AL JAWHARA TOWER,2026-06-12 16:19:48,1144.970965001069,5.0,1.791759469228055,1
Fiori,2026-06-12 17:39:55,1652.100762043486,7.0,2.0794415416798357,1
Aquora by Casa Vista Development,2026-06-12 18:17:15,3097.04455673961,4.0,1.6094379124341003,1
THE AUTOGRAPH-I SERIES,2026-06-13 08:38:26,1469.1361479328825,8.0,2.1972245773362196,1
Rijas Suites,2026-06-13 12:25:51,1718.2504483371592,11.0,2.4849066497880004,1
LOLENA,2026-06-13 13:05:11,769.0656449209151,1.0,0.6931471805599453,1
Golf Heights,2026-06-16 08:31:16,2409.207708496566,8.0,2.1972245773362196,1
Altan,2026-06-16 09:14:19,2274.680360836637,21.0,3.091042453358316,1
Almaara Residences,2026-06-16 10:25:30,1547.0018171723586,10.0,2.3978952727983707,1
Binghatti Skyhall,2026-06-16 10:50:55,2675.509841030458,9.0,2.302585092994046,1
Binghatti Jasmine,2026-06-16 12:43:34,1239.4428834242797,3.0,1.3862943611198906,1
EMIRATES GARDEN I - ROSE 1,2026-06-16 12:53:57,779.8154521916783,6.0,1.9459101490553132,1
LINCOLN PARK ( NORTH SIDE),2026-06-16 13:45:06,879.4128537428642,4.0,1.6094379124341003,1
MIORAH By Zoya,2026-06-16 14:32:09,1415.30590868865,30.0,3.4339872044851463,1
BELMONT,2026-06-16 14:38:36,1943.1604881181902,42.0,3.7612001156935624,1
Manam Pearl,2026-06-16 15:50:23,1378.955673447429,,,1
Saddlewood Park,2026-06-16 17:52:53,2238.8641951469726,5.0,1.791759469228055,1
"NO.1, NO.2A, NO.2B, NO.3A AND 3B CITYWALK RESIDENTIAL",2026-06-16 18:23:41,2560.9523170593475,2.0,1.0986122886681098,1
Xenia Residence,2026-06-17 08:41:14,1455.053812061578,12.0,2.5649493574615367,1
"Bay Grove Residences, Dubai Islands",2026-06-17 09:27:56,1393.3383650091223,1.0,0.6931471805599453,1
Azizi Riviera 42,2026-06-17 12:30:50,1957.7787982532986,1.0,0.6931471805599453,1
TERRACES MARASI DRIVE,2026-06-17 13:04:06,1547.175205949225,6.0,1.9459101490553132,1
Luminar Tower 3,2026-06-17 13:06:56,1050.0049437526106,1.0,0.6931471805599453,1
THE DIPLOMAT RESIDENCES,2026-06-17 13:11:02,1405.675923709852,3.0,1.3862943611198906,1
TARAF 3 RESIDENCE,2026-06-17 13:48:28,1501.8580343507147,,,1
VISTARA HOUSE,2026-06-17 15:48:35,1194.1489460807397,2.0,1.0986122886681098,1
Pearl House I by Imtiaz,2026-06-17 16:06:20,1793.5942029861471,4.0,1.6094379124341003,1
"Residences Du Port, Dubai Marina, Autograph Collection Residences",2026-06-18 08:15:03,3349.8389464067045,2.0,1.0986122886681098,1
URBANA,2026-06-18 08:51:03,1032.478193855231,4.0,1.6094379124341003,1
ALCOVE,2026-06-18 09:41:56,948.8330319042055,1.0,0.6931471805599453,1
Azizi Riviera 18,2026-06-18 11:24:59,1884.7923809865586,1.0,0.6931471805599453,1
THE QUAYSIDE,2026-06-18 13:09:33,2400.5421286294477,2.0,1.0986122886681098,1
The Orchard Place,2026-06-18 14:09:57,1533.4860655164157,4.0,1.6094379124341003,1
Golf Grove by Regent,2026-06-18 14:15:40,1312.8223171663226,4.0,1.6094379124341003,1
RITZ RESIDENCE,2026-06-18 15:52:49,781.364695702683,3.0,1.3862943611198906,1
Golf Dale,2026-06-18 16:27:24,1702.5971441424992,,,1
ELITE SPORTS RESIDENCE,2026-06-18 20:25:25,812.9179848371039,4.0,1.6094379124341003,1
171 Garden Heights,2026-06-19 09:13:22,2153.8381345829102,2.0,1.0986122886681098,1
Avenue Residence 8,2026-06-19 09:50:12,1387.669821502136,,,1
Azizi Riviera 17,2026-06-19 09:57:15,1651.501645988835,1.0,0.6931471805599453,1
NILOOFAR,2026-06-19 10:14:31,1882.4050498607328,,,1
"Mohammed Bin Rashid Al Maktoum City , District One Phase III  , Residences 11",2026-06-19 11:45:54,1828.8619840939489,,,1
SquareX Residence,2026-06-19 14:59:50,1412.2749423980638,7.0,2.0794415416798357,1
Sunset Bay One By Imtiaz,2026-06-19 15:05:22,2999.314965332347,,,1
ALBERO BY ORO24,2026-06-19 15:21:16,1107.3874194636971,,,1
DAMAC LAGOONS - LAGOON VIEWS 12,2026-06-19 15:48:58,1512.7561906565422,3.0,1.3862943611198906,1
Myra Residences,2026-06-19 16:01:13,1317.4998458519067,4.0,1.6094379124341003,1
Coventry Residence 3,2026-06-19 16:17:09,1287.7420058179353,5.0,1.791759469228055,1
Riwa,2026-06-19 16:26:30,2806.24671126112,,,1
Marina Place 2,2026-06-19 17:51:56,2573.2685986300326,2.0,1.0986122886681098,1
Maison Elysee II,2026-06-19 18:04:09,1536.6037982571513,15.0,2.772588722239781,1
Coventry 66,2026-06-19 18:06:10,1343.2702616602708,1.0,0.6931471805599453,1
Bond Living,2026-06-19 22:00:57,1324.4694810407955,2.0,1.0986122886681098,1
Chelsea Gardens,2026-06-20 16:01:16,2084.1842207616132,5.0,1.791759469228055,1
DAMAC RIVERSIDE VIEWS - MARINE 1,2026-06-22 09:41:33,1548.9699026743363,4.0,1.6094379124341003,1
MONTROSE,2026-06-22 10:37:39,1197.1052875635755,8.0,2.1972245773362196,1
Solanki One,2026-06-22 10:47:56,1042.5816338771058,31.0,3.4657359027997265,1
Hera Tower,2026-06-22 10:51:08,976.2947745295669,20.0,3.044522437723423,1
Golf Hills,2026-06-22 11:34:42,1660.8294015084061,17.0,2.8903717578961645,1
CAPPADOCIA,2026-06-22 12:14:20,786.8439659274569,1.0,0.6931471805599453,1
DESERT SUN TOWER,2026-06-22 14:29:57,853.1364543096681,4.0,1.6094379124341003,1
Keturah Reserve,2026-06-22 14:58:06,2395.30732427323,,,1
GATEWAY BY PREMIER CHOICE,2026-06-22 15:15:43,1194.0085033491796,6.0,1.9459101490553132,1
FORTUNATO,2026-06-22 16:07:41,815.3161516039189,7.0,2.0794415416798357,1
Havelock Heights,2026-06-22 18:14:11,1749.336038458974,4.0,1.6094379124341003,1
The Mural,2026-06-23 09:04:48,3467.5111866490615,5.0,1.791759469228055,1
joya verde residences dubai,2026-06-23 09:39:26,1100.568123891728,1.0,0.6931471805599453,1
The Pulse Residence Plaza,2026-06-23 10:28:35,985.1276614234839,2.0,1.0986122886681098,1
Asayel at Madinat Jumeirah Living,2026-06-23 10:44:01,2361.36400099612,2.0,1.0986122886681098,1
QPOINT LIWAN-PLOT R046,2026-06-23 13:29:49,743.6930538272784,2.0,1.0986122886681098,1
Sobha Seahaven Tower A,2026-06-23 14:03:37,4806.581806971708,2.0,1.0986122886681098,1
Woodland Crest,2026-06-23 14:05:56,2305.1332649163674,1.0,0.6931471805599453,1
Coral by Vision,2026-06-23 15:57:48,2287.8720900095013,6.0,1.9459101490553132,1
WAHA LIVING by AL YAKKA,2026-06-23 16:24:43,1977.7751699898593,3.0,1.3862943611198906,1
Urban Park Residences,2026-06-23 16:32:16,1592.378747182882,9.0,2.302585092994046,1
GHAFF LAND RESIDENCE,2026-06-23 16:33:08,1304.6931962135895,8.0,2.1972245773362196,1
Blossom 40,2026-06-23 17:30:42,1332.484402499545,4.0,1.6094379124341003,1
RIAH TOWERS,2026-06-24 10:24:40,1891.0635103686986,,,1
THE FIFTH TOWER,2026-06-24 10:40:04,1223.7952018143214,11.0,2.4849066497880004,1
VIVIDA Residences,2026-06-24 11:30:23,1309.763492715193,2.0,1.0986122886681098,1
ELBRUS TOWER,2026-06-24 12:03:52,1713.6907292515673,,,1
FIVE LUXE,2026-06-24 12:22:05,4853.243265394128,1.0,0.6931471805599453,1
ALDER AT PARK FIVE,2026-06-24 13:32:49,1366.571073923527,16.0,2.833213344056216,1
THE ONE JBR,2026-06-24 14:08:14,3634.456481684077,2.0,1.0986122886681098,1
77S,2026-06-24 15:20:33,1445.749765922699,1.0,0.6931471805599453,1
SHAMAL RESIDENCES 2,2026-06-24 15:57:46,1057.5741537713827,2.0,1.0986122886681098,1
Dusk by Binghatti,2026-06-24 16:47:34,1495.9816558705334,,,1
Creek Beach - Summer,2026-06-24 18:39:21,2496.752927965332,1.0,0.6931471805599453,1
Creek Beach - Grove,2026-06-25 08:52:29,2215.2895906341837,4.0,1.6094379124341003,1
The Orchard Place - Tower C,2026-06-25 09:23:25,1495.4166273093817,,,1
OXFORD BOULEVARD,2026-06-25 10:18:11,1823.8794908548857,1.0,0.6931471805599453,1
LE PRESIDIUM,2026-06-25 10:41:47,1390.7530251087567,,,1
DAMAC HILLS (2) - AVENCIA,2026-06-25 10:41:57,1242.9905628582312,,,1
Evora Residences,2026-06-25 10:53:22,1108.5657879758774,2.0,1.0986122886681098,1
VIVID TOWER,2026-06-25 11:37:50,1566.8907146786441,2.0,1.0986122886681098,1
997 Residences by Reef Luxury Development,2026-06-25 12:16:41,2563.3051617826386,8.0,2.1972245773362196,1
Binghatti Creek,2026-06-25 13:20:34,1379.8470387123402,3.0,1.3862943611198906,1
Azizi Riviera 14,2026-06-25 13:33:48,1621.128441320544,3.0,1.3862943611198906,1
Peninsula Four,2026-06-25 14:09:46,2405.8887526307694,68.0,4.23410650459726,1
SAMANA GOLF AVENUE,2026-06-25 14:21:23,1528.6463628872084,2.0,1.0986122886681098,1
Azizi Riviera 6,2026-06-25 14:28:43,1581.5520436405013,2.0,1.0986122886681098,1
LIV OCEANSIDE,2026-06-25 14:34:11,3163.797484713611,97.0,4.584967478670572,1
LIV MARITIME,2026-06-25 14:55:49,3398.4098889904467,,,1
Wadi Hills by HRE,2026-06-25 15:07:57,1105.9309969549522,22.0,3.1354942159291497,1
Laurel,2026-06-25 15:32:40,2652.9806622859905,2.0,1.0986122886681098,1
HZ RESIDENCES 4,2026-06-26 09:46:27,1086.5863146952813,1.0,0.6931471805599453,1
PARK CORNER,2026-06-26 09:54:38,1494.0318535480023,,,1
Zenith Residences,2026-06-26 10:31:14,1057.6857229852208,50.0,3.9318256327243257,1
Empire Estates,2026-06-26 11:00:21,1764.412985805413,5.0,1.791759469228055,1
J8,2026-06-26 11:16:54,1412.7962981591163,1.0,0.6931471805599453,1
ARIA,2026-06-26 11:32:03,853.0419315948127,1.0,0.6931471805599453,1
DAMAC RIVERSIDE VIEWS - MARINE 4,2026-06-26 11:36:11,1430.8799061480145,5.0,1.791759469228055,1
AL HELAL AL ZAHABY 3,2026-06-26 11:36:45,950.2999162373976,1.0,0.6931471805599453,1
Verano By Prescott,2026-06-26 12:11:44,1516.958014327683,,,1
Elegance by Chaimaa Holding,2026-06-26 12:14:59,1436.282289486741,2.0,1.0986122886681098,1
Rise by Athlon 3,2026-06-26 12:51:23,1507.1575006827766,7.0,2.0794415416798357,1
Avion Residence,2026-06-26 13:28:49,1097.0359630354642,5.0,1.791759469228055,1
Sereno Residences,2026-06-26 13:56:46,1495.9816558705334,,,1
SAMANA SKYROS,2026-06-26 14:05:43,1415.9505624418064,1.0,0.6931471805599453,1
QPOINT LIWAN-PLOT R092,2026-06-26 15:35:21,890.3971189864111,1.0,0.6931471805599453,1
THE COSMOPOLITAN,2026-06-26 15:38:07,1575.9648839091867,7.0,2.0794415416798357,1
BLISS TOWER,2026-06-26 16:02:18,1460.3287607564148,3.0,1.3862943611198906,1
D1,2026-06-26 17:06:57,1774.7216685727544,5.0,1.791759469228055,1
AL SEEF II,2026-06-26 18:21:05,1373.3285012176605,1.0,0.6931471805599453,1
THE TIDES BY AMIS,2026-06-27 10:43:20,2569.7816994622663,2.0,1.0986122886681098,1
Villa Del Divos Residences,2026-06-27 15:17:24,2444.9885285996047,3.0,1.3862943611198906,1
Violet Tower,2026-06-27 22:00:53,1347.4960004940806,6.0,1.9459101490553132,1
The Community Motor City,2026-06-28 09:29:02,1240.804971785655,8.0,2.1972245773362196,1
The 50,2026-06-29 11:09:06,1083.6711758596355,3.0,1.3862943611198906,1
Expo City Al Waha Residences 02,2026-06-29 11:56:52,1709.8929750551647,,,1
JANNAT,2026-06-29 12:33:27,1313.0274699262227,3.0,1.3862943611198906,1
INDIGO SPECTRUM1,2026-06-29 13:56:29,782.5480802859408,1.0,0.6931471805599453,1
MURABA RESIDENCES PALM JUMERIAH,2026-06-29 14:13:44,3578.6533244085113,,,1
Lacina,2026-06-29 14:48:37,2048.2353625014343,1.0,0.6931471805599453,1
Luma21,2026-06-29 15:57:52,1103.3998772232155,1.0,0.6931471805599453,1
AZIZI RIVIERA AZURE,2026-06-29 16:43:52,2517.5153932120766,6.0,1.9459101490553132,1
Elvira,2026-06-29 16:55:17,2320.489806835012,13.0,2.6390573296152584,1
Flow Residences,2026-06-29 17:00:04,2151.827974084667,5.0,1.791759469228055,1
THE GROVE BY IMAN,2026-06-30 08:32:35,2681.2729898602456,1.0,0.6931471805599453,1
DG1 Living,2026-06-30 09:38:08,2474.146719251438,3.0,1.3862943611198906,1
FAIRMONT PALM RESIDENCE,2026-06-30 11:49:56,1991.3681919936807,6.0,1.9459101490553132,1
FIA,2026-06-30 12:50:58,1170.524092416733,3.0,1.3862943611198906,1
Creek Beach - Canopy - Moor,2026-06-30 14:58:04,2294.258494371268,49.0,3.912023005428146,1
Casa Aura Residence,2026-06-30 17:30:53,1313.32272210404,,,1
THE EIGHTY THREE,2026-06-30 18:27:36,1319.230307917354,3.0,1.3862943611198906,1
Royal Regency,2026-07-01 08:54:12,806.260751990689,4.0,1.6094379124341003,1
DAMAC HILLS - GOLF VEDUTA,2026-07-01 09:41:27,1540.6688496257248,,,1
THE WIND TOWER II,2026-07-01 10:12:22,953.613331612704,3.0,1.3862943611198906,1
TWO TOWERS,2026-07-01 10:55:51,1290.3212487006465,1.0,0.6931471805599453,1
CHAMPIONS TOWER1,2026-07-01 11:56:10,816.6561173360342,2.0,1.0986122886681098,1
Beverly Residence,2026-07-01 12:26:29,1450.8429498359837,3.0,1.3862943611198906,1
EMERALD PALACE KEMPINSKI,2026-07-01 13:12:59,2216.376856615027,1.0,0.6931471805599453,1
PG UPPERHOUSE,2026-07-01 14:17:54,1381.6348044608826,4.0,1.6094379124341003,1
AZIZI. YASAMINE,2026-07-01 14:46:38,1074.4210397645147,1.0,0.6931471805599453,1
TIARA RESIDENCE,2026-07-01 16:03:22,3395.1309932588442,5.0,1.791759469228055,1
CLAREN 1,2026-07-01 16:43:31,2055.7080637212844,4.0,1.6094379124341003,1
Avonlea,2026-07-01 17:16:04,1984.3948696541875,2.0,1.0986122886681098,1
Binghatti Gate,2026-07-01 17:29:07,1157.4052137174363,3.0,1.3862943611198906,1
THE BELVEDERE,2026-07-01 18:05:20,1800.2997879125044,,,1
Nicholas Residence,2026-07-02 10:13:44,1068.8393079592083,2.0,1.0986122886681098,1
Bali Residences,2026-07-02 10:20:53,1311.4461762858787,4.0,1.6094379124341003,1
Chaimaa Avenue 2,2026-07-02 10:28:56,1045.6400146187887,1.0,0.6931471805599453,1
ENSO AMBER,2026-07-02 11:00:26,2198.565417102714,7.0,2.0794415416798357,1
DUBAI ARCH TOWER,2026-07-02 11:27:58,1474.2443645621318,5.0,1.791759469228055,1
PG Maison,2026-07-02 11:57:20,1178.0601185741725,1.0,0.6931471805599453,1
NO. 6A AND NO.6B CITYWALK RESIDENTIAL,2026-07-02 12:13:39,2885.1903697654207,1.0,0.6931471805599453,1
CONCORDE TOWER,2026-07-02 12:18:49,1347.8676164503777,8.0,2.1972245773362196,1
Rabdan Square,2026-07-02 12:45:40,1893.6139355730857,2.0,1.0986122886681098,1
THE ZEN,2026-07-02 12:59:14,1803.4082220588566,,,1
PULSE SMART RESIDENCE,2026-07-02 13:25:52,995.679422440024,4.0,1.6094379124341003,1
Edison House,2026-07-02 13:30:37,1440.6510641706172,,,1
CASA CANAL,2026-07-02 14:17:10,5069.071627199364,2.0,1.0986122886681098,1
NOORE,2026-07-02 14:45:47,1817.6297540018977,,,1
Vue Doree,2026-07-02 15:16:15,2235.3877008312625,5.0,1.791759469228055,1
Altair 52,2026-07-02 15:46:03,1373.54026634529,6.0,1.9459101490553132,1
Cresswell Views,2026-07-02 17:18:37,1316.7740451576597,,,1
AVENEW888 - MODO,2026-07-03 09:28:17,1341.7768156661673,12.0,2.5649493574615367,1
THE MEDALIST,2026-07-03 09:58:04,942.801158083848,1.0,0.6931471805599453,1
PLAZZO RESIDENCE,2026-07-03 09:58:56,840.7992762482871,3.0,1.3862943611198906,1
ELYSEE II by PANTHEON,2026-07-03 10:31:21,1419.1421916969468,5.0,1.791759469228055,1
GREEN DIAMOND 1,2026-07-03 11:03:14,1168.035757397266,4.0,1.6094379124341003,1
"Solaya (1,2,3)",2026-07-03 11:23:36,7867.904109446128,,,1
SAFEER TOWER 2,2026-07-03 11:36:45,1271.0884291983232,3.0,1.3862943611198906,1
Nautica Two,2026-07-03 11:41:22,3385.65778047017,,,1
SILICON GATE 1,2026-07-03 11:41:56,1015.8075574700139,2.0,1.0986122886681098,1
Gate Royale Residences,2026-07-03 11:55:32,1429.9885933961484,5.0,1.791759469228055,1
BAHWAN TOWER,2026-07-03 12:19:47,2652.096723828963,,,1
Creek Beach - Breeze,2026-07-03 13:01:59,2551.2083926951836,2.0,1.0986122886681098,1
ELLE RESIDENCES,2026-07-03 13:12:05,3426.668471405163,8.0,2.1972245773362196,1
Verve City Walk,2026-07-03 13:59:12,3120.373824528627,1.0,0.6931471805599453,1
COVE EDITION RESIDENCE 5 by Imtiaz,2026-07-03 14:21:58,1727.0903408529816,5.0,1.791759469228055,1
Adhara Star,2026-07-03 14:29:17,1522.2342939044681,5.0,1.791759469228055,1
ELMORA,2026-07-03 17:10:35,2723.870831901393,14.0,2.70805020110221,1
Samana Golf Views,2026-07-03 18:40:39,1318.3083795417476,,,1
Serra,2026-07-04 08:43:30,1803.1745656644753,2.0,1.0986122886681098,1
V1TER Residence,2026-07-04 14:06:12,1286.0276888700757,3.0,1.3862943611198906,1
Marwa Heights,2026-07-05 10:03:59,1268.2583922694719,1.0,0.6931471805599453,1
DUBAI WHARF,2026-07-06 09:50:38,1696.1459009673551,1.0,0.6931471805599453,1
ZENITH TOWER A1,2026-07-06 11:50:26,1310.2115865592805,,,1
Signature Lifestyle Residences,2026-07-06 11:51:30,3103.061992110498,2.0,1.0986122886681098,1
"Six Senses Residences The Palm, Dubai",2026-07-06 12:12:32,8025.445461328799,3.0,1.3862943611198906,1
Azizi Riviera 13,2026-07-06 12:49:39,1648.905010460433,1.0,0.6931471805599453,1
Stellar Axis by Ajmal Estate Developers,2026-07-06 13:04:01,1099.769373286425,17.0,2.8903717578961645,1
Club Place,2026-07-06 13:52:50,2162.829959010686,3.0,1.3862943611198906,1
Bhuvi Residence,2026-07-06 14:45:07,1714.3811318412809,,,1
Nourelle,2026-07-06 15:21:20,4234.913004336451,4.0,1.6094379124341003,1
Lamaa,2026-07-06 18:53:01,2556.3398017224113,11.0,2.4849066497880004,1
Azizi riviera 58,2026-07-06 20:14:48,2413.4033951652295,1.0,0.6931471805599453,1
AVENUE RESIDENCE 6,2026-07-07 10:23:09,1205.3488737862137,2.0,1.0986122886681098,1
Golf Verge,2026-07-07 12:29:56,1810.9599556730368,2.0,1.0986122886681098,1
Kingdom Gate,2026-07-07 13:18:54,1187.945511821235,11.0,2.4849066497880004,1
Edgewater Residences 2,2026-07-07 13:23:09,2194.4800798424612,3.0,1.3862943611198906,1
Azizi Riviera 8,2026-07-07 14:04:46,1750.1784976124463,6.0,1.9459101490553132,1
"Baccarat Hotel and Residences, Dubai",2026-07-07 14:16:13,6074.121463258509,6.0,1.9459101490553132,1
MADISON RESIDENCE,2026-07-07 14:22:37,772.1256665959174,2.0,1.0986122886681098,1
VALO,2026-07-07 14:52:43,2428.455935027259,2.0,1.0986122886681098,1
Azizi Riviera 7,2026-07-07 14:56:09,1844.884849206031,1.0,0.6931471805599453,1
Hillside Residences 2,2026-07-07 15:03:40,1315.3319461496699,2.0,1.0986122886681098,1
Dreamlife Residences,2026-07-07 15:51:20,2135.077804718435,5.0,1.791759469228055,1
Azizi Riviera 24,2026-07-07 16:36:16,1564.730172949299,1.0,0.6931471805599453,1
ME DO RE 2,2026-07-07 18:15:53,2479.912306744733,1.0,0.6931471805599453,1
VITA GRANDE BY METEORA,2026-07-08 10:51:15,1478.7041687187323,,,1
THE VYBE,2026-07-08 10:58:21,1311.7092304099574,4.0,1.6094379124341003,1
RUBY RESIDENCE,2026-07-08 11:19:44,983.3757483133619,1.0,0.6931471805599453,1
ELITE RESIDENCE,2026-07-08 11:34:28,1405.5724013639228,13.0,2.6390573296152584,1
Eden House The Canal,2026-07-08 12:36:08,5743.269652970237,3.0,1.3862943611198906,1
BADRA PHASE 1,2026-07-08 13:01:14,745.3831008005568,1.0,0.6931471805599453,1
THE STERLING WEST HOUSE,2026-07-08 13:48:14,1956.0425475565357,7.0,2.0794415416798357,1
Bling Avenue 1,2026-07-08 15:30:58,1324.827176437168,2.0,1.0986122886681098,1
SIROYA GARDENS,2026-07-08 16:50:00,1250.7726604505533,2.0,1.0986122886681098,1
Allegro Park by Mill Hill Riviera Development,2026-07-08 16:59:39,2345.2347829521495,4.0,1.6094379124341003,1
Akala Hotels and Residences,2026-07-08 17:44:19,3711.5105321730553,18.0,2.9444389791664403,1
GLITZ RESIDENCE 1,2026-07-09 09:32:58,1010.4822962797417,3.0,1.3862943611198906,1
Azizi Riviera 3,2026-07-09 09:44:26,1737.6733061360624,2.0,1.0986122886681098,1
ELITE 8 SPORTS RESIDENCE,2026-07-09 09:53:58,1314.1997002408607,,,1
CREEK EDGE,2026-07-09 11:00:02,2256.773497918387,16.0,2.833213344056216,1
Welcome Residency,2026-07-09 11:19:25,1123.828184352176,1.0,0.6931471805599453,1
GLITZ RESIDENCE 3,2026-07-09 11:25:41,994.1462919362805,4.0,1.6094379124341003,1
Flora Isle,2026-07-09 11:30:38,2534.3207292248107,12.0,2.5649493574615367,1
QPOINT LIWAN-PLOT R052,2026-07-09 12:45:11,867.8946494236493,1.0,0.6931471805599453,1
Palace Beach Residence,2026-07-09 13:05:08,3675.9811481636307,1.0,0.6931471805599453,1
"NO. 4A, NO.4B, NO.5 CITYWALK RESIDENTIAL",2026-07-09 13:06:53,2673.531047064112,,,1
Vincitore Volare,2026-07-09 13:37:52,1429.9051993800795,6.0,1.9459101490553132,1
Arib Collection,2026-07-09 13:40:48,1435.2832062850057,,,1
Sapphire 32 by Dar Alkarama,2026-07-09 14:27:56,1475.3101919169656,,,1
Mudon Views,2026-07-09 15:41:43,1370.967935524453,4.0,1.6094379124341003,1
"Mohammed Bin Rashid Al Maktoum City , District One Phase III  , Residences 5",2026-07-09 15:43:22,1828.8619840939489,,,1
Expo City Sidr Residences,2026-07-09 16:09:21,2087.2187865863093,3.0,1.3862943611198906,1
MAISON ELYSEE III BY PANTHEON,2026-07-09 17:27:00,1750.6189573442696,21.0,3.091042453358316,1
Pristine By Zoya,2026-07-09 17:43:06,955.874345760479,1.0,0.6931471805599453,1
Castleton,2026-07-09 18:29:16,2789.4814171209887,4.0,1.6094379124341003,1
HILLMONT RESIDENCES BY ELLINGTON,2026-07-09 19:58:39,1472.8232615441623,,,1
Hammock Park,2026-07-09 21:35:16,1115.4285058873118,2.0,1.0986122886681098,1
Binghatti Skyblade,2026-07-10 08:28:23,3906.3247834553013,15.0,2.772588722239781,1
Muraba Veil,2026-07-10 08:45:45,3621.2004751817994,6.0,1.9459101490553132,1
THE WIND TOWER I,2026-07-10 08:58:02,1083.975074203458,10.0,2.3978952727983707,1
Creek Beach - Sunset,2026-07-10 09:59:32,2272.799356848347,1.0,0.6931471805599453,1
Skyhills I by HRE,2026-07-10 10:11:23,1529.0679377200527,14.0,2.70805020110221,1
ROYAL AMWAJ,2026-07-10 10:14:42,2329.6192610995618,5.0,1.791759469228055,1
Jewelz Residence,2026-07-10 10:33:32,1022.5479781490785,4.0,1.6094379124341003,1
AVANT GARDE RESIDENCES II BY SKYLINE,2026-07-10 11:23:09,1598.4037343103232,13.0,2.6390573296152584,1
ZUMURUD DUBAI MARINA,2026-07-10 12:05:06,1986.3132918688889,2.0,1.0986122886681098,1
The Alba Residences by Omniyat,2026-07-10 12:13:52,8068.507566534654,9.0,2.302585092994046,1
O 2,2026-07-10 12:26:14,917.1965054458099,3.0,1.3862943611198906,1
QPOINT LIWAN- R093,2026-07-10 14:25:25,803.8683269289515,2.0,1.0986122886681098,1
241 Waterside,2026-07-10 14:54:04,1999.4113699656389,5.0,1.791759469228055,1
BLVD CRESCENT,2026-07-10 15:16:54,2070.649254972806,3.0,1.3862943611198906,1
ELITE 3 SPORTS RESIDENCE,2026-07-10 15:27:16,945.6935181945602,3.0,1.3862943611198906,1
Cove Boulevard By Imtiaz,2026-07-10 15:41:00,1610.4457679792758,11.0,2.4849066497880004,1
HARRINGTON HOUSE,2026-07-10 15:49:58,1551.143086149486,1.0,0.6931471805599453,1
Marquis Insignia,2026-07-10 16:54:06,1646.7319924333215,,,1
CELIA HOMES,2026-07-10 17:11:31,1275.977449705597,25.0,3.258096538021482,1
CELIA HEIGHTS,2026-07-10 17:12:49,1334.5901392347978,4.0,1.6094379124341003,1
Livia Residence,2026-07-10 22:30:58,1246.0978788427128,12.0,2.5649493574615367,1
Aveline Residences by Citi Developers,2026-07-11 08:47:12,1344.8245543376538,15.0,2.772588722239781,1
Celeste,2026-07-11 10:14:52,2090.2128463203526,7.0,2.0794415416798357,1
Azha Millennium Residences,2026-07-11 17:57:19,1602.3510636783853,23.0,3.1780538303479458,1
Lyvia by Palace,2026-07-13 08:09:27,2506.9831328377277,6.0,1.9459101490553132,1
ARYAM TOWER BY ABU ALNAGA,2026-07-13 09:36:26,1390.7385828225774,,,1
PARK CENTRAL,2026-07-13 09:55:08,1220.3338475809205,4.0,1.6094379124341003,1
Manhattan 1 by SD,2026-07-13 09:55:34,1600.0248451234415,1.0,0.6931471805599453,1
The Paragon By IGO,2026-07-13 10:09:07,1936.7834909045418,6.0,1.9459101490553132,1
ZENITH TOWER A2,2026-07-13 11:39:13,1314.1997002408607,,,1
Coventry Gardens,2026-07-13 11:40:51,1332.1476793848205,1.0,0.6931471805599453,1
V2,2026-07-13 11:49:21,1029.6328508497,4.0,1.6094379124341003,1
ESCAN MARINA TOWER,2026-07-13 11:58:25,1193.187938217979,8.0,2.1972245773362196,1
SPICA,2026-07-13 12:41:30,878.4377334062572,1.0,0.6931471805599453,1
Azizi. Liatris,2026-07-13 12:53:09,1390.4227725467472,,,1
QPOINT LIWAN-PLOT R098,2026-07-13 13:32:35,623.5946429483593,3.0,1.3862943611198906,1
JOYA DORADO RESIDENCE,2026-07-13 13:50:52,1261.0578959407499,10.0,2.3978952727983707,1
Beach Residences Dubai Islands,2026-07-13 14:41:29,2760.2232897462286,5.0,1.791759469228055,1
Binghatti Ivory,2026-07-13 15:03:50,1687.2599731542402,7.0,2.0794415416798357,1
Al Haseen Residence,2026-07-13 15:11:51,1321.2389578346997,,,1
Symbolic Zen Residences,2026-07-13 15:41:43,1412.565463916788,6.0,1.9459101490553132,1
Ocean Tower,2026-07-13 16:04:58,1930.0408976096185,2.0,1.0986122886681098,1
A 99,2026-07-13 16:29:25,1429.11067614131,,,1
AZIZI. ORCHID,2026-07-13 17:20:02,1390.7385828225774,,,1
AL WALEED w.s 1,2026-07-14 08:55:28,1428.1793225232168,,,1
H Three By Aurora,2026-07-14 09:41:55,1487.1822297547167,1.0,0.6931471805599453,1
Thyme,2026-07-14 09:45:53,2635.1683736126665,1.0,0.6931471805599453,1
Nadine Residences,2026-07-14 10:08:29,1476.8381151772453,3.0,1.3862943611198906,1
Marquis Signature,2026-07-14 10:28:57,1655.9967158128968,,,1
MAG218,2026-07-14 11:16:38,1369.5647772894056,8.0,2.1972245773362196,1
Celeste Heights by Zimaya Properties,2026-07-14 11:17:12,991.8619603972818,3.0,1.3862943611198906,1
Volna By Kasco,2026-07-14 11:18:54,2034.7889477102758,2.0,1.0986122886681098,1
AG SQUARE,2026-07-14 12:39:27,913.5464389128967,8.0,2.1972245773362196,1
DAMAC RIVERSIDE VIEWS - INDIGO 2,2026-07-14 12:43:06,1446.930393740197,3.0,1.3862943611198906,1
Maravea Residences,2026-07-14 13:10:41,2334.4780565128945,1.0,0.6931471805599453,1
VINCITORE PALACIO,2026-07-14 14:02:44,1268.657023571354,1.0,0.6931471805599453,1
MAR CASA,2026-07-14 14:42:44,2097.9679113728866,4.0,1.6094379124341003,1
Meriden Beach by Green Horizon,2026-07-14 15:09:01,2053.5738120006645,20.0,3.044522437723423,1
The Haven III,2026-07-14 15:09:12,1372.064702421268,6.0,1.9459101490553132,1
The Residences,2026-07-15 07:42:12,1482.9474977465625,,,1
MARINA WHARF I,2026-07-15 09:08:27,1775.9731715336002,1.0,0.6931471805599453,1
MADISON RESIDENCY,2026-07-15 10:44:04,1290.3212487006465,,,1
Cove Edition Residence 2 By Imtiaz,2026-07-15 11:27:14,1306.1760081763618,2.0,1.0986122886681098,1
ALBA TOWER,2026-07-15 11:56:26,1568.373747602466,3.0,1.3862943611198906,1
Valores Residences,2026-07-15 12:10:46,1323.69680541102,1.0,0.6931471805599453,1
CASA FLORES AND EDEN APARTMENTS,2026-07-15 12:13:40,1004.3448897617744,7.0,2.0794415416798357,1
One.B Tower,2026-07-15 12:38:02,2741.9484113803614,2.0,1.0986122886681098,1
Azizi Riviera 22,2026-07-15 12:49:25,644.3030450658028,1.0,0.6931471805599453,1
THE STERLING EAST HOUSE,2026-07-15 14:07:05,2094.788733766254,2.0,1.0986122886681098,1
Park Views Residences A,2026-07-15 14:36:18,2153.741418668581,14.0,2.70805020110221,1
Vivanti Residences by Meteora,2026-07-15 15:01:48,1450.3555868210492,15.0,2.772588722239781,1
AG 9INE,2026-07-15 15:40:58,1150.6401703311233,3.0,1.3862943611198906,1
STELLA MARIS,2026-07-15 17:09:15,2117.0650200018217,2.0,1.0986122886681098,1
THE RINGS,2026-07-15 17:31:25,8339.40311192247,,,1
West 5 Residences,2026-07-15 18:27:55,2448.1010371796806,7.0,2.0794415416798357,1
Samana Hills South 2,2026-07-15 22:00:17,1301.7137203782338,,,1
Edgewater Residences 3,2026-07-16 07:52:59,2646.0007402539354,3.0,1.3862943611198906,1
DAMAC LAGOONS - LAGOON VIEWS 11,2026-07-16 09:19:57,1718.2656215849934,4.0,1.6094379124341003,1
Divine Living,2026-07-16 10:23:01,1244.1584186082507,2.0,1.0986122886681098,1
OASIS TOWER ONE,2026-07-16 10:51:30,968.461518012101,1.0,0.6931471805599453,1
Azizi Riviera 16,2026-07-16 11:20:37,1985.6898427209073,3.0,1.3862943611198906,1
Avida Residences,2026-07-16 11:37:38,1965.632277284616,6.0,1.9459101490553132,1
Binghatti Venus,2026-07-16 11:49:46,1469.9862326969392,3.0,1.3862943611198906,1
The Hub Residences by ZaZEN,2026-07-16 11:53:26,1389.41102739886,,,1
CHAIMAA PREMIERE,2026-07-16 12:09:37,923.5983674909891,1.0,0.6931471805599453,1
W Residences at Dubai Harbour,2026-07-16 12:22:29,4841.6975386254235,8.0,2.1972245773362196,1
KYOTO BY ORO24,2026-07-16 12:38:37,1518.72944328374,2.0,1.0986122886681098,1
Park Field,2026-07-16 12:39:29,2503.9407549090206,5.0,1.791759469228055,1
Fairway Residences By Prescott,2026-07-16 12:42:52,1281.2790876916933,2.0,1.0986122886681098,1
ORA,2026-07-16 13:00:12,1232.0288692457702,2.0,1.0986122886681098,1
PLAZZO HEIGHTS,2026-07-16 13:15:30,1240.3341372040172,2.0,1.0986122886681098,1
Inaura Hotels & Residences,2026-07-16 13:16:52,4999.629641226051,18.0,2.9444389791664403,1
MARINA VISTA,2026-07-16 13:24:32,3423.1072183657534,7.0,2.0794415416798357,1
South Garden A,2026-07-16 13:44:40,1273.116965384638,9.0,2.302585092994046,1
ِِAzizi Riviera 60,2026-07-16 14:08:02,2208.386730687052,28.0,3.367295829986474,1
RED RESIDENCE,2026-07-16 14:27:11,789.6258651933778,2.0,1.0986122886681098,1
LINCOLN PARK (SHEFFIELD),2026-07-16 14:28:06,1023.0755517016563,1.0,0.6931471805599453,1
MODELUX TOWER 1,2026-07-16 14:45:08,892.7990967789389,4.0,1.6094379124341003,1
Binghatti Moonlight,2026-07-16 14:57:11,1892.3672179234284,11.0,2.4849066497880004,1
PARK BOULEVARD BY METEORA,2026-07-16 15:06:55,1486.8661054900638,1.0,0.6931471805599453,1
DAMAC HILLS - GOLF PANORAMA,2026-07-16 15:24:07,1125.9966902554124,3.0,1.3862943611198906,1
IL VENTO,2026-07-16 15:49:55,3010.3819879113826,14.0,2.70805020110221,1
Symbolic Altus,2026-07-16 16:10:08,1319.0933097518732,11.0,2.4849066497880004,1
4B Living,2026-07-16 17:34:19,1133.0888384601612,,,1
Azizi Amir,2026-07-16 18:44:27,1489.665514396075,45.0,3.828641396489095,1
Azizi Riviera 66,2026-07-16 19:44:47,1771.3069460093975,18.0,2.9444389791664403,1
Luxur Tower By Imtiaz,2026-07-17 09:28:43,1537.2460344232163,5.0,1.791759469228055,1
Cubix Residences,2026-07-17 09:38:23,1268.0021784528515,1.0,0.6931471805599453,1
Vida Residences Club Point,2026-07-17 09:40:55,2227.300532020353,7.0,2.0794415416798357,1
THE DISTINCTION,2026-07-17 10:59:44,1614.8640692933523,3.0,1.3862943611198906,1
LIV RESIDENCE,2026-07-17 11:04:19,2562.5432209176133,2.0,1.0986122886681098,1
GARDENS 2,2026-07-17 11:09:37,1440.3586032007217,7.0,2.0794415416798357,1
VAL BY KASCO,2026-07-17 11:25:59,1694.4186719229633,1.0,0.6931471805599453,1
Azizi Riviera 21,2026-07-17 11:57:12,2105.2616367782252,,,1
Grand Bleu Tower interiors by Elie Saab,2026-07-17 12:36:12,3818.20305016204,10.0,2.3978952727983707,1
Hillcrest,2026-07-17 12:44:03,1100.292001965613,3.0,1.3862943611198906,1
Mi Casa By London Gate Real Estate Development,2026-07-17 13:00:37,1250.1862563718764,11.0,2.4849066497880004,1
SUN POINT DUBAI,2026-07-17 15:08:14,1295.0889792131447,3.0,1.3862943611198906,1
ZYRA HILLS,2026-07-17 15:36:48,1457.9752056178386,4.0,1.6094379124341003,1
PROFILE RESIDENCE,2026-07-17 15:43:35,1310.2062107932181,,,1
HUB CANAL 2 TOWER,2026-07-17 16:34:28,1309.9255123842618,,,1
Samana IVY Gardens,2026-07-17 16:42:42,1173.753128532842,3.0,1.3862943611198906,1
Norah Residence,2026-07-17 16:58:03,1362.7461054979437,13.0,2.6390573296152584,1
Zyra Vista Residences,2026-07-17 17:00:52,,,,0
DAMAC HILLS - GOLF GREENS 1,2026-07-17 17:37:03,1541.7146178826297,9.0,2.302585092994046,1
COURTYARD ONE,2026-07-17 18:21:28,1350.0018135254088,5.0,1.791759469228055,1
Regent Court,2026-07-17 19:45:00,550.9311421502887,16.0,2.833213344056216,1
RASHA 2,2026-07-18 10:25:45,886.6682599766903,1.0,0.6931471805599453,1
STONEHENGE RESIDENCES,2026-07-18 11:53:39,1314.065144241142,5.0,1.791759469228055,1
Art House Hills by Adaan and Tuscany,2026-07-18 14:51:37,1746.4863794104826,45.0,3.828641396489095,1
Longford Residences by Devan Real Estate Development,2026-07-18 18:36:44,1071.6745128992984,72.0,4.290459441148391,1
Samana Barari Views 2,2026-07-19 13:31:10,1501.4100531644026,2.0,1.0986122886681098,1
Sky Vista by Peace Homes,2026-07-20 09:22:32,2006.7947582087447,2.0,1.0986122886681098,1
AZURE RESIDENCE,2026-07-20 09:22:57,2780.956061266102,2.0,1.0986122886681098,1
Aeternitas Tower,2026-07-20 09:57:05,1445.7166534828527,1.0,0.6931471805599453,1
Marea,2026-07-20 10:18:02,2588.6696650888052,,,1
CORAL ISLE RESIDENCES,2026-07-20 10:27:16,3029.9775907201283,,,1
Selicon Star 2,2026-07-20 11:21:05,1104.8869621189542,4.0,1.6094379124341003,1
SUNVALE,2026-07-20 11:23:35,1654.9545408435824,17.0,2.8903717578961645,1
Trump Tower,2026-07-20 11:36:03,3893.806688408793,5.0,1.791759469228055,1
Bonds Avenue Residences,2026-07-20 11:36:25,3029.3475226473165,,,1
Alton,2026-07-20 11:50:03,1653.8881688404524,3.0,1.3862943611198906,1
MAJESTINE,2026-07-20 12:08:08,1387.2734233486938,3.0,1.3862943611198906,1
THE OPUS BY OMNIYAT,2026-07-20 12:09:16,3574.9033647446736,2.0,1.0986122886681098,1
Palace Residences - Dubai Creek Harbour,2026-07-20 12:20:33,2735.5595927281192,2.0,1.0986122886681098,1
MARINA STAR,2026-07-20 12:30:57,3039.2216449939147,11.0,2.4849066497880004,1
Golf Residences by Fortimo,2026-07-20 12:39:15,1939.7475215358288,3.0,1.3862943611198906,1
Vida Residences Dubai Hills Estate,2026-07-20 12:48:56,2083.132883983827,1.0,0.6931471805599453,1
Derby Heights,2026-07-20 13:12:55,1974.317633734258,5.0,1.791759469228055,1
Marina Views,2026-07-20 13:23:57,2437.7888149427026,1.0,0.6931471805599453,1
The Spark by Esnaad,2026-07-20 13:26:38,1819.8306041624514,2.0,1.0986122886681098,1
MAYFAIR TOWER,2026-07-20 13:31:43,1394.5829244834574,1.0,0.6931471805599453,1
Saba 4,2026-07-20 13:58:10,2400.6263442041136,6.0,1.9459101490553132,1
BEACH VISTA,2026-07-20 14:00:21,3500.8592012337454,4.0,1.6094379124341003,1
AVENEW888-LOOM,2026-07-20 14:05:16,1425.296338181183,39.0,3.6888794541139363,1
GRANDEUR RESIDENCES,2026-07-20 14:22:34,1908.3888402392993,4.0,1.6094379124341003,1
Opera Grand,2026-07-20 14:31:40,2912.1412421304794,9.0,2.302585092994046,1
Forum 2,2026-07-20 15:03:53,1408.378545670574,,,1
La Vie,2026-07-20 15:20:25,4114.524690419898,3.0,1.3862943611198906,1
Binghatti Heights,2026-07-20 15:22:08,1276.8254520090861,6.0,1.9459101490553132,1
Binghatti Grove,2026-07-20 16:22:46,1936.113351639241,5.0,1.791759469228055,1
GOLD CREST EXECUTIVE,2026-07-20 16:36:50,1882.48527493075,6.0,1.9459101490553132,1
Bottega Nove by Lalav,2026-07-20 16:36:58,1095.9681558432076,2.0,1.0986122886681098,1
CELIA RESIDENCE,2026-07-21 08:38:42,1350.4310636208347,2.0,1.0986122886681098,1
CHURCHILL TOWER,2026-07-21 09:50:51,1514.104979483779,5.0,1.791759469228055,1
TREPPAN TOWER,2026-07-21 09:51:19,1726.0638467383178,12.0,2.5649493574615367,1
Belgravia 2,2026-07-21 10:34:49,1370.137338998229,6.0,1.9459101490553132,1
LOCI Residences,2026-07-21 11:17:50,1347.7439220721412,1.0,0.6931471805599453,1
Socio,2026-07-21 11:25:39,2297.5929439859274,8.0,2.1972245773362196,1
Seraph by Wadan,2026-07-21 11:33:18,1311.9883422145892,7.0,2.0794415416798357,1
Azizi Riviera 11,2026-07-21 11:47:53,1607.1411981583944,1.0,0.6931471805599453,1
OXFORD TERRACES 2,2026-07-21 11:56:27,1657.7336575415193,1.0,0.6931471805599453,1
HAMZA TOWER,2026-07-21 12:29:21,621.0261929727754,1.0,0.6931471805599453,1
LAKE TERRACE,2026-07-21 12:42:10,1581.013781594342,10.0,2.3978952727983707,1
Dalmore Tower,2026-07-21 13:24:47,1190.0011979029284,4.0,1.6094379124341003,1
Waada - Cascada 1,2026-07-21 13:29:02,1166.295949878038,11.0,2.4849066497880004,1
PHOENIX TOWER,2026-07-21 13:36:45,901.7068490919812,4.0,1.6094379124341003,1
Waada - Altura 2,2026-07-21 13:48:35,1210.5599841110395,23.0,3.1780538303479458,1
Oasiz 1 by Danube,2026-07-21 13:49:55,1298.7529910393166,2.0,1.0986122886681098,1
CAPRIA WEST,2026-07-21 13:53:49,2036.707245287196,3.0,1.3862943611198906,1
SPORTS VIEW RESIDENCE BY AL HELAL AL ZAHABY,2026-07-21 14:01:33,1150.7406677099077,3.0,1.3862943611198906,1
CLAYTON RESIDENCY,2026-07-21 14:13:48,1155.5422314998307,4.0,1.6094379124341003,1
Bayline,2026-07-21 14:38:00,2041.9632907399953,4.0,1.6094379124341003,1
Sobha Hartland Waves Opulence,2026-07-21 14:48:20,1906.1110889658378,8.0,2.1972245773362196,1
MAYFAIR GARDENS BY MAJID,2026-07-21 15:52:59,1869.5418529048125,6.0,1.9459101490553132,1
SILICON HEIGHTS2,2026-07-21 16:05:24,1002.5093363016322,1.0,0.6931471805599453,1
Vincitore Benessere,2026-07-21 16:31:02,1710.2142567372684,4.0,1.6094379124341003,1
Rose Gold Residences by Zee Development,2026-07-21 16:44:39,1550.0014974138019,3.0,1.3862943611198906,1
Waada - Cascada 2,2026-07-21 16:45:07,1137.7772528539751,41.0,3.7376696182833684,1
Sonate Residences by Condor,2026-07-21 16:54:02,1556.0941515530726,8.0,2.1972245773362196,1
EVERGRIN HOUSE 2,2026-07-21 17:18:10,2433.981415177591,6.0,1.9459101490553132,1
OCEAN HOUSE,2026-07-21 17:38:31,5199.043351870212,4.0,1.6094379124341003,1
DAMAC HILLS - GOLF GREENS 2,2026-07-21 17:40:47,1540.0158470978527,25.0,3.258096538021482,1
Starlight Park,2026-07-21 19:28:17,1788.048866311057,,,1
Art House Private Residences By Viva,2026-07-21 21:11:00,2032.7873890647834,8.0,2.1972245773362196,1
The Collective,2026-07-21 21:58:38,1382.6085895025326,7.0,2.0794415416798357,1
Capital Horizon Terraces,2026-07-21 22:50:59,2220.35799289397,5.0,1.791759469228055,1
MR.C RESIDENCES DOWNTOWN,2026-07-22 09:22:04,3765.06459962702,3.0,1.3862943611198906,1
TANARO,2026-07-22 10:06:10,2008.599545353282,4.0,1.6094379124341003,1
Binghatti House,2026-07-22 10:19:02,1422.8546614604766,9.0,2.302585092994046,1
Palace Residences Creek Blue,2026-07-22 10:24:54,3001.9406374220307,4.0,1.6094379124341003,1
ASTORIA RESIDNECE,2026-07-22 10:46:48,1450.683806819115,,,1
Berkshire Park,2026-07-22 11:02:10,1579.9664119353056,6.0,1.9459101490553132,1
Taraf 2 Residence,2026-07-22 11:15:32,1116.4055397829065,2.0,1.0986122886681098,1
Cove Grand Residence by Imtiaz,2026-07-22 11:34:38,1578.030091220815,31.0,3.4657359027997265,1
Symbolic Alpha,2026-07-22 11:39:47,1257.3355927188254,3.0,1.3862943611198906,1
PALAZZO VERSACE,2026-07-22 11:43:24,2210.468151324686,4.0,1.6094379124341003,1
Bay Grove Residences C - Dubai Islands,2026-07-22 11:56:21,2969.892653380778,,,1
OLYMPIC PARK 2,2026-07-22 11:57:10,1307.8209146331487,,,1
Azizi Riviera 35,2026-07-22 12:32:42,1706.9609994684529,4.0,1.6094379124341003,1
THE DERBY RESIDENCE 2&3,2026-07-22 12:46:04,1429.2789216376393,1.0,0.6931471805599453,1
Sobha Hartland - Crest Grande,2026-07-22 13:27:23,2050.593000263568,9.0,2.302585092994046,1
Mass Residence,2026-07-22 13:48:58,1359.329347773436,1.0,0.6931471805599453,1
Taiyo Residences,2026-07-22 14:30:02,1670.86395168963,23.0,3.1780538303479458,1
Altus,2026-07-22 14:31:24,2378.9659989180864,6.0,1.9459101490553132,1
California by SD,2026-07-22 14:57:06,1426.953378322251,1.0,0.6931471805599453,1
ELANO BY ORO24,2026-07-22 15:21:06,1491.0044192747478,3.0,1.3862943611198906,1
Hilton Residences Dubai Jumeirah Lakes Towers,2026-07-22 15:30:12,3102.501884479101,8.0,2.1972245773362196,1
GFS Coventry Gardens II,2026-07-22 15:30:52,1490.7288115806589,9.0,2.302585092994046,1
SUNSET BAY GRAND BY IMTIAZ,2026-07-22 15:37:16,2340.864366210425,18.0,2.9444389791664403,1
SERENITY LAKES 2,2026-07-22 15:41:49,1449.6798928686233,,,1
Elevia Residences,2026-07-22 15:56:42,1360.4988899550237,13.0,2.6390573296152584,1
Azizi Riviera 25,2026-07-22 16:30:21,1961.9101395906218,1.0,0.6931471805599453,1
DAMAC LAGOONS - LAGOON VIEWS 9,2026-07-22 16:32:30,1831.3944471891778,,,1
BELMORE RESIDENCES,2026-07-22 17:00:30,2224.767786048379,16.0,2.833213344056216,1
The Haven II,2026-07-22 17:48:11,1298.4471272576043,2.0,1.0986122886681098,1
RYAH LIVING by ALYAKKA,2026-07-22 18:31:31,1387.931648785839,9.0,2.302585092994046,1
THE SIGNATURE,2026-07-23 08:19:04,1279.6971638880473,10.0,2.3978952727983707,1
Marina Living,2026-07-23 09:24:41,1957.960679022181,4.0,1.6094379124341003,1
The Terraces,2026-07-23 09:49:52,1914.8958017617451,4.0,1.6094379124341003,1
DIAMOND VIEWS 1,2026-07-23 10:08:01,853.439398018965,6.0,1.9459101490553132,1
ELLINGTON HOUSE II,2026-07-23 10:09:14,2877.1239802586574,10.0,2.3978952727983707,1
Azizi Riviera 43,2026-07-23 10:11:37,1994.1857084579606,6.0,1.9459101490553132,1
Waada - Altura 1,2026-07-23 10:28:27,1150.229227413148,25.0,3.258096538021482,1
DAMAC RIVERSIDE VIEWS - MARINE 3,2026-07-23 10:40:44,1401.9358140152478,7.0,2.0794415416798357,1
MIRDIF HILLS- NASAYEM AVENUE,2026-07-23 10:46:14,995.4113563040315,6.0,1.9459101490553132,1
SEVENTH HEAVEN,2026-07-23 11:13:13,1440.2909362551611,3.0,1.3862943611198906,1
JUMEIRAH LIVING MARINA GATE,2026-07-23 11:25:58,3107.202738692537,6.0,1.9459101490553132,1
SHAMAL WAVES,2026-07-23 11:39:45,1449.6798928686233,,,1
DAMAC HILLS (2) - VIRIDIS,2026-07-23 12:01:04,840.9568893614493,9.0,2.302585092994046,1
Petalz By Danube,2026-07-23 12:06:56,1368.0514444055048,3.0,1.3862943611198906,1
Canal Front Residences CF1 & CF2,2026-07-23 12:17:58,2390.0904060843804,3.0,1.3862943611198906,1
Arista One,2026-07-23 13:50:00,2404.4307711428223,,,1
LIV LUX,2026-07-23 14:03:58,1448.0111131691451,11.0,2.4849066497880004,1
J-Haus Residences,2026-07-23 14:07:25,1801.4059913472092,1.0,0.6931471805599453,1
Bay Grove Residences B - Dubai Islands,2026-07-23 14:23:56,2938.3150830317672,,,1
Address Residences l Dubai Hills Estate,2026-07-23 14:55:21,2695.1686398148927,8.0,2.1972245773362196,1
Azizi Riviera 49,2026-07-23 14:55:57,2331.002907527888,54.0,4.007333185232471,1
Bayz Tower,2026-07-23 15:00:32,1717.2482422633375,3.0,1.3862943611198906,1
MADA RESIDENCES TOWER,2026-07-23 15:00:55,1728.656376326847,2.0,1.0986122886681098,1
Binghatti Onyx,2026-07-23 15:05:41,1340.4916982248515,13.0,2.6390573296152584,1
Binghatti Lavender,2026-07-23 15:28:07,1656.2419101757662,2.0,1.0986122886681098,1
Riva Residence,2026-07-23 15:32:22,1955.6710141171043,1.0,0.6931471805599453,1
REEF RESIDENCE,2026-07-23 15:35:24,1021.234154122371,11.0,2.4849066497880004,1
Cybele By Wadan,2026-07-23 16:06:48,1363.1944307947347,40.0,3.713572066704308,1
RED SQUARE,2026-07-23 16:10:02,1807.6112092306123,17.0,2.8903717578961645,1
DAMAC LAGOONS - LAGOON VIEWS 8,2026-07-23 16:18:44,788.5257486614406,1.0,0.6931471805599453,1
CRYSTAL RESIDENCE,2026-07-23 17:39:22,966.8009911174541,3.0,1.3862943611198906,1
ELLINGTON HOUSE IV,2026-07-23 18:04:07,2505.182678989401,4.0,1.6094379124341003,1
Millennium Binghatti Residences Business Bay,2026-07-23 18:55:48,1893.6634713910832,3.0,1.3862943611198906,1
Baystar by VIDA,2026-07-24 08:24:05,2906.4754484518776,,,1
Rove Home Marasi Drive,2026-07-24 08:52:32,3037.944147260803,2.0,1.0986122886681098,1
Clearpoint,2026-07-24 08:56:36,1974.4675634279718,5.0,1.791759469228055,1
Golf Views,2026-07-24 09:35:22,1451.1138083764702,2.0,1.0986122886681098,1
Azizi Riviera 26,2026-07-24 09:50:36,1717.9810651263233,3.0,1.3862943611198906,1
TOPAZ RESIDENCES 1,2026-07-24 10:23:44,1385.0039676049387,,,1
Peninsula Five,2026-07-24 10:42:47,2568.034575711752,9.0,2.302585092994046,1
BELLEVUE TOWERS,2026-07-24 10:44:49,1711.3434220762595,4.0,1.6094379124341003,1
Ocean Cove,2026-07-24 10:59:03,2902.078286469088,,,1
Azizi Riviera 41,2026-07-24 10:59:52,1969.9022073186343,5.0,1.791759469228055,1
Port de La Mer - La Cote,2026-07-24 11:02:26,2760.559563478765,3.0,1.3862943611198906,1
Central Park at City Walk -Building 1,2026-07-24 11:16:37,2508.939856013426,2.0,1.0986122886681098,1
Port De La Mer - La Sirene 2,2026-07-24 11:21:08,2760.592211958594,,,1
AL Andalus Phase 2,2026-07-24 11:21:43,1438.9277443901753,,,1
WILTON TERRACES,2026-07-24 11:32:06,1763.9080469729429,6.0,1.9459101490553132,1
"The Residences, Al Habtoor Grand",2026-07-24 12:07:24,5000.800600167185,3.0,1.3862943611198906,1
Central Park Plaza,2026-07-24 12:10:23,2159.4116472722353,2.0,1.0986122886681098,1
BONNINGTON TOWER HOTEL & RESIDENCE DUBAI,2026-07-24 12:23:09,1389.4268560718317,4.0,1.6094379124341003,1
SAFEER TOWER 1,2026-07-24 15:03:57,1251.5907314619208,2.0,1.0986122886681098,1
WINDSOR MANOR,2026-07-24 15:04:04,1208.4263583678755,2.0,1.0986122886681098,1
Samana Waves,2026-07-24 15:08:37,1818.9243635477653,5.0,1.791759469228055,1
Helvetia Marine,2026-07-24 15:13:47,2062.86370695547,1.0,0.6931471805599453,1
ESTRELLA BY NEXUS,2026-07-24 15:26:40,1427.966059719463,2.0,1.0986122886681098,1
THE ATRIA,2026-07-24 15:55:21,1402.2867824969114,3.0,1.3862943611198906,1
HELVETIA RESIDENCES,2026-07-24 16:19:44,1284.3454746173577,5.0,1.791759469228055,1
CAVALLI CASA TOWER,2026-07-24 16:27:33,2561.1291325816237,3.0,1.3862943611198906,1
Alma Gardens,2026-07-24 16:27:59,1069.758900612247,6.0,1.9459101490553132,1
The Willows Residences,2026-07-24 16:41:24,1859.9073122698435,4.0,1.6094379124341003,1
Binghatti Amberhall,2026-07-24 17:17:27,1514.8570442478426,7.0,2.0794415416798357,1
Laya Mansion,2026-07-24 17:23:07,1167.4632081042098,7.0,2.0794415416798357,1
Binghatti Tulip,2026-07-24 18:44:12,1798.8699503194362,4.0,1.6094379124341003,1
Al Vista,2026-07-24 20:00:51,2224.9982054526445,2.0,1.0986122886681098,1
Natuzzi Harmony Residences by Peace Homes,2026-07-25 08:53:47,2439.051634863305,2.0,1.0986122886681098,1
Golf Terrace Residences By ASAK,2026-07-25 09:00:27,1373.074629925006,13.0,2.6390573296152584,1
CLOUD Tower,2026-07-25 10:13:21,1394.3853071098474,6.0,1.9459101490553132,1
BELLE VIE BY ZIMAYA,2026-07-25 13:12:45,1482.3751962367037,,,1
Sukoon by Nuri,2026-07-25 13:15:14,1769.1915792635969,7.0,2.0794415416798357,1
Binghatti Flare 01,2026-07-25 17:15:45,1651.7558895229618,15.0,2.772588722239781,1
SquareX One,2026-07-25 18:48:30,1830.7799766294243,10.0,2.3978952727983707,1
MONTAGE,2026-07-27 08:54:22,1851.7076885686522,5.0,1.791759469228055,1
Palm Beach Towers -3,2026-07-27 09:27:03,3191.8625706750627,2.0,1.0986122886681098,1
GOLF VIEW RESIDENCE,2026-07-27 09:42:22,838.3594951990873,3.0,1.3862943611198906,1
VOLTA TOWER,2026-07-27 10:55:30,2286.5060713660396,7.0,2.0794415416798357,1
TUSCAN RESIDENCES1 - AREZZO,2026-07-27 11:21:06,1148.4189118870204,1.0,0.6931471805599453,1
PG ONE AT AL FURJAN,2026-07-27 11:35:29,1533.0133056121017,6.0,1.9459101490553132,1
UPSIDE Living,2026-07-27 11:41:58,42.59354325280598,4.0,1.6094379124341003,1
THE S TOWER,2026-07-27 11:48:37,3488.7734591687017,1.0,0.6931471805599453,1
Vida Residences Hillside,2026-07-27 12:09:25,2585.0578262858453,6.0,1.9459101490553132,1
399 Hills Park B,2026-07-27 12:12:32,2162.214039715591,7.0,2.0794415416798357,1
MAYFLOWER RESIDENCES,2026-07-27 12:17:14,1128.6859051170732,,,1
Binghatti Pinnacle,2026-07-27 12:27:42,1953.7009093084096,31.0,3.4657359027997265,1
LAKE SHORE TOWER,2026-07-27 12:33:22,1146.4804184259137,5.0,1.791759469228055,1
Greencrest,2026-07-27 13:04:06,2032.9190065705468,3.0,1.3862943611198906,1
Terra Gardens,2026-07-27 13:11:34,2135.8312984325153,11.0,2.4849066497880004,1
Viera Residences,2026-07-27 13:20:49,1409.4497483045936,2.0,1.0986122886681098,1
Parkwood,2026-07-27 13:27:48,2567.26593074389,6.0,1.9459101490553132,1
Timber Terrace,2026-07-27 13:41:38,1252.2243380347822,22.0,3.1354942159291497,1
Floarea  Grande,2026-07-27 14:13:29,1684.4219407517658,,,1
ALANDALUS BUILDING E,2026-07-27 14:24:35,1408.2035527832545,,,1
"Mohammed Bin Rashid Al Maktoum City , District One Phase III  , Residences 15",2026-07-27 14:43:35,1945.264091903935,3.0,1.3862943611198906,1
Shorooq Land 2,2026-07-27 14:44:24,1201.4297728459455,3.0,1.3862943611198906,1
QPOINT LIWAN - PLOT R003,2026-07-27 14:57:57,1197.3906088183444,,,1
Wellington Ocean Walk,2026-07-27 15:04:14,2263.7753037943116,7.0,2.0794415416798357,1
Madinat Jumeriah Living - Phase 2,2026-07-27 15:25:43,2108.696204102224,1.0,0.6931471805599453,1
ALANDALUS,2026-07-27 15:31:42,1312.706129457601,7.0,2.0794415416798357,1
Gate Eleven Residences,2026-07-27 15:32:09,1844.297593101508,8.0,2.1972245773362196,1
DAMAC BAY,2026-07-27 15:33:00,3925.1331304086193,2.0,1.0986122886681098,1
K1,2026-07-27 15:59:05,968.2452854684238,2.0,1.0986122886681098,1
Ashton Park Residences,2026-07-27 16:41:21,1472.7367266874323,3.0,1.3862943611198906,1
DAMAC HILLS - ARTESIA,2026-07-27 16:47:55,1265.400957782408,4.0,1.6094379124341003,1
Samana Santorini,2026-07-27 17:37:44,1367.3480014456723,4.0,1.6094379124341003,1
MARQUIS HORIZON,2026-07-27 18:11:34,1548.9854817504402,37.0,3.6375861597263857,1
THE CRESTMARK,2026-07-27 18:16:20,2818.5509453445393,3.0,1.3862943611198906,1
Olivz Residence,2026-07-27 18:56:03,1256.8258920011563,4.0,1.6094379124341003,1
Glorious Central Residences,2026-07-27 19:24:49,1235.4357213450842,1.0,0.6931471805599453,1
ARENA APARTMENTS,2026-07-28 08:31:10,931.8978490744817,2.0,1.0986122886681098,1
Samana Portofino,2026-07-28 08:58:04,1499.2926060238071,2.0,1.0986122886681098,1
Azizi Riviera 48,2026-07-28 09:04:24,1548.488577883597,2.0,1.0986122886681098,1
TUSCAN RESIDENCES1 - SIENA,2026-07-28 09:42:32,1448.7893553874273,,,1
Canal Front Residences-CF5&CF6,2026-07-28 09:44:25,2768.082912661158,3.0,1.3862943611198906,1
Aba Lux Living,2026-07-28 09:49:08,2291.424279580564,4.0,1.6094379124341003,1
BELGRAVIA HEIGHTS II,2026-07-28 09:51:38,1593.5356759253268,3.0,1.3862943611198906,1
THE MATRIX,2026-07-28 09:56:56,864.7171839693011,7.0,2.0794415416798357,1
The Harmony,2026-07-28 10:00:18,1424.9939274381327,10.0,2.3978952727983707,1
V3,2026-07-28 10:11:48,1293.5827134542287,2.0,1.0986122886681098,1
lridian Park 1,2026-07-28 10:22:35,824.9998101839612,6.0,1.9459101490553132,1
Azizi Riviera 39,2026-07-28 10:32:13,1408.8362129439593,1.0,0.6931471805599453,1
Dubai Harbour Residences (Area 3),2026-07-28 10:55:19,3520.046932157681,7.0,2.0794415416798357,1
Olbia,2026-07-28 11:14:43,1592.1327148811797,5.0,1.791759469228055,1
Jade Tower,2026-07-28 11:22:53,1240.80323371289,3.0,1.3862943611198906,1
Binghatti Emerald,2026-07-28 11:32:55,1255.1458617993069,8.0,2.1972245773362196,1
HOCKEY TOWER,2026-07-28 11:33:38,973.1545296001641,2.0,1.0986122886681098,1
Gharbi I Residences,2026-07-28 11:36:01,1202.040291525027,8.0,2.1972245773362196,1
Sola Residences,2026-07-28 11:38:19,1262.4297594362372,6.0,1.9459101490553132,1
Dubai Wharf - Tower 2,2026-07-28 11:45:27,1312.1058931592288,1.0,0.6931471805599453,1
GUZEL TOWERS,2026-07-28 11:45:45,2012.0644524407433,3.0,1.3862943611198906,1
Sea Coral By Next Realty,2026-07-28 11:58:01,2392.7766918510083,4.0,1.6094379124341003,1
320 Riverside Crescent,2026-07-28 12:16:32,2384.9932750165735,4.0,1.6094379124341003,1
HARBOUR VIEWS,2026-07-28 12:18:55,2199.1455248157417,10.0,2.3978952727983707,1
MARINA PINNACLE,2026-07-28 12:34:00,979.4414593287298,5.0,1.791759469228055,1
Mayas Geneva,2026-07-28 12:38:26,1432.176302969222,2.0,1.0986122886681098,1
Creek Beach - VIDA Residences,2026-07-28 12:44:43,2554.1867029265363,5.0,1.791759469228055,1
SAMANA PARK VIEWS,2026-07-28 12:52:33,1369.8036847280782,1.0,0.6931471805599453,1
Sunbliss Residences by Purvanchal Real Estate Developers,2026-07-28 12:59:14,1453.0376055578604,12.0,2.5649493574615367,1
THE HAVEN GARDEN,2026-07-28 13:02:00,1137.8657460304707,2.0,1.0986122886681098,1
ELEVE BY DEYAAR,2026-07-28 13:13:19,1358.7641244805948,11.0,2.4849066497880004,1
ARLINGTON PARK By MAJID,2026-07-28 13:26:46,1552.1590762507553,9.0,2.302585092994046,1
Time 1,2026-07-28 13:35:25,1120.7361702999901,7.0,2.0794415416798357,1
City Walk Crestlane 5,2026-07-28 13:49:15,3415.0260652081984,15.0,2.772588722239781,1
City Walk Northline 2,2026-07-28 14:01:19,2683.339761813571,2.0,1.0986122886681098,1
MAJESTIQUE RESIDENCE 1,2026-07-28 14:02:37,1271.6527927555676,2.0,1.0986122886681098,1
SEA LEGEND ONE BY MVS REAL ESTATE,2026-07-28 14:03:48,2559.6905730142958,2.0,1.0986122886681098,1
ART BAY WEST,2026-07-28 14:23:57,1556.3359225630882,2.0,1.0986122886681098,1
Kempinski Residences The Creek,2026-07-28 14:54:25,2426.1564660180898,3.0,1.3862943611198906,1
330 Riverside Crescent,2026-07-28 15:16:03,2400.0134452368993,7.0,2.0794415416798357,1
Beach Walk Residences 4 by Imtiaz,2026-07-28 15:25:32,1925.9695737742186,1.0,0.6931471805599453,1
Seslia Tower,2026-07-28 15:35:31,1342.3207718484643,6.0,1.9459101490553132,1
VERDANIA 1,2026-07-28 15:41:06,664.442326630132,27.0,3.332204510175204,1
MYKA Residence,2026-07-28 15:45:27,1111.249266593706,5.0,1.791759469228055,1
Azizi Gardens,2026-07-28 15:56:15,1777.838840281328,,,1
PEARL HOUSE IV BY IMTIAZ,2026-07-28 16:01:59,1599.697319041279,45.0,3.828641396489095,1
COVE EDITION RESIDENCE 6 BY IMTIAZ,2026-07-28 16:15:00,1699.4822137618562,36.0,3.6109179126442243,1
SERENIA DISTRICT - WEST,2026-07-28 16:21:49,2468.6078227566773,6.0,1.9459101490553132,1
LEVANTO BY ORO24,2026-07-28 16:33:36,1220.0386786647457,2.0,1.0986122886681098,1
ELLINGTON HOUSE,2026-07-28 16:36:26,1848.866002534091,5.0,1.791759469228055,1
NEEM AT PARK FIVE,2026-07-28 17:50:44,1351.9633215506533,10.0,2.3978952727983707,1
Society House Downtown Dubai,2026-07-28 20:08:56,2904.8879268007277,3.0,1.3862943611198906,1
Peninsula Dubai Residences - Tower 2,2026-07-29 08:42:08,7803.821975811879,3.0,1.3862943611198906,1
DISTRIKT,2026-07-29 08:55:13,1999.447726219158,69.0,4.248495242049359,1
Kensington Gardens,2026-07-29 09:08:43,1236.8411981112217,34.0,3.5553480614894135,1
LEGACY BY SUNRISE,2026-07-29 09:11:56,1684.1205908365582,,,1
MARINASCAPE,2026-07-29 09:47:30,1806.516656205209,3.0,1.3862943611198906,1
JUMEIRAH HEIGHTS CLUSTERS,2026-07-29 09:53:30,1784.6919298997204,3.0,1.3862943611198906,1
Expo City Al Waha Residences 01,2026-07-29 09:54:30,2500.4548523909316,4.0,1.6094379124341003,1
Binghatti Gateway,2026-07-29 10:33:37,1204.8227973586568,2.0,1.0986122886681098,1
Verde by Sobha,2026-07-29 10:43:26,2169.7763305015933,4.0,1.6094379124341003,1
Ocean Pearl By SD,2026-07-29 11:00:52,2027.9004803928326,1.0,0.6931471805599453,1
THE BRIDGE,2026-07-29 11:03:58,867.4428562693423,5.0,1.791759469228055,1
Villea West,2026-07-29 11:10:55,2380.366278415552,3.0,1.3862943611198906,1
Opalz By Danube,2026-07-29 11:18:09,1495.6232343404326,7.0,2.0794415416798357,1
Alandalus Building G,2026-07-29 11:22:38,1884.407715707758,1.0,0.6931471805599453,1
AJMAL SARAH,2026-07-29 11:27:21,732.3006355971345,2.0,1.0986122886681098,1
CANAL HEIGHTS 2,2026-07-29 11:28:37,2782.599955754596,3.0,1.3862943611198906,1
VIDA Residences Dubai Marina,2026-07-29 11:33:16,2804.484744957779,4.0,1.6094379124341003,1
Azizi Aliyah Residences,2026-07-29 11:42:53,1043.3384646382838,6.0,1.9459101490553132,1
999 Residences by Reef Luxury Development,2026-07-29 12:20:07,1509.8454856829758,3.0,1.3862943611198906,1
Luminar Tower 1,2026-07-29 12:23:15,1473.8040369236032,3.0,1.3862943611198906,1
MIDTOWN - NOOR,2026-07-29 12:29:46,1286.2379536098215,3.0,1.3862943611198906,1
Azizi Leily,2026-07-29 12:37:58,2312.705019266073,29.0,3.4011973816621555,1
340 Riverside Crescent,2026-07-29 12:45:30,1852.5047679095997,4.0,1.6094379124341003,1
PARKGREEN RESIDENCES BY ALISHAAN,2026-07-29 12:46:28,1227.1981275788241,5.0,1.791759469228055,1
"Solaya (5,7)",2026-07-29 13:11:18,7995.1737987927245,13.0,2.6390573296152584,1
Creek Gate,2026-07-29 13:23:15,2439.8817963850006,4.0,1.6094379124341003,1
ELITE II SPORTS RESIDENCE,2026-07-29 13:29:04,1022.4025168702021,5.0,1.791759469228055,1
Time 2,2026-07-29 13:33:52,996.5562231196554,10.0,2.3978952727983707,1
Address Residences Zabeel,2026-07-29 13:42:25,2838.0559662968026,16.0,2.833213344056216,1
Vio Residences,2026-07-29 13:58:49,1146.841018646016,2.0,1.0986122886681098,1
WEST BAY TOWER,2026-07-29 14:07:21,1409.9805145943844,13.0,2.6390573296152584,1
EMIRATES GARDEN II - MAGNOLIA,2026-07-29 14:17:55,664.0893741312193,3.0,1.3862943611198906,1
Azizi Farishta Residence,2026-07-29 14:25:58,1063.7609339182404,4.0,1.6094379124341003,1
NEST,2026-07-29 14:45:56,1083.7546580133048,41.0,3.7376696182833684,1
NB RESIDENCES,2026-07-29 15:36:35,,,,0
Grande,2026-07-29 15:44:32,3268.868283733367,4.0,1.6094379124341003,1
DAMAC RIVERSIDE VIEWS - ROYAL 1,2026-07-29 15:45:18,1511.3108071308693,3.0,1.3862943611198906,1
OXBRIDGE GARDENS,2026-07-29 15:52:53,891.0146730157917,71.0,4.276666119016055,1
Marquis Vista,2026-07-29 15:53:47,1367.3930862974762,4.0,1.6094379124341003,1
TULIP OASIS 11,2026-07-29 16:12:03,1287.3263521063177,8.0,2.1972245773362196,1
The Grandala,2026-07-29 16:17:46,2420.133828552569,,,1
HERMINA BY CASAGRAND GALLANTEE REAL ESTATE,2026-07-29 17:05:38,2184.5688133627527,6.0,1.9459101490553132,1
QPOINT LIWAN-PLOT R051,2026-07-29 17:06:49,1203.8618795497703,,,1
ELTIERA HEIGHTS,2026-07-29 17:09:51,2475.1182890046043,7.0,2.0794415416798357,1
J5,2026-07-29 17:14:52,1412.7962981591163,,,1
Sobha Seahaven Tower B & C,2026-07-29 17:32:25,4700.004550732987,3.0,1.3862943611198906,1
KYOMI RESIDENCE,2026-07-29 17:47:51,1440.0133561253097,6.0,1.9459101490553132,1
SOLARA TOWER DUBAI,2026-07-29 19:08:51,3784.7030779590295,10.0,2.3978952727983707,1
Beverly Residence 2,2026-07-29 19:15:25,1654.3684791353867,3.0,1.3862943611198906,1
Avarra by Palace,2026-07-30 07:28:45,3341.6922397159146,3.0,1.3862943611198906,1
BELGRAVIA HEIGHTS I,2026-07-30 08:28:59,1238.3570917762304,3.0,1.3862943611198906,1
ELITE 4 SPORTS RESIDENCE,2026-07-30 08:38:50,1154.1444202764894,1.0,0.6931471805599453,1
CAPRIA EAST,2026-07-30 08:47:02,1986.8678168390268,1.0,0.6931471805599453,1
Studio One,2026-07-30 09:28:33,2064.055521203276,6.0,1.9459101490553132,1
BANYAN TREE RESIDENCES HILLSIDE DUBAI,2026-07-30 09:45:05,2300.9364322984366,4.0,1.6094379124341003,1
CELESTIA,2026-07-30 09:52:26,1113.8042192349772,12.0,2.5649493574615367,1
ELITE DOWNTOWN RESIDENCE,2026-07-30 09:57:43,1975.5200058705975,6.0,1.9459101490553132,1
The Hills,2026-07-30 09:59:34,2315.879367554117,4.0,1.6094379124341003,1
Expo City Sky Residences,2026-07-30 10:20:00,1950.1437399091549,1.0,0.6931471805599453,1
QPOINT LIWAN-PLOT R048,2026-07-30 10:24:26,1197.3906088183444,,,1
ASCOT RESIDENCES,2026-07-30 10:40:49,1359.6090158547847,3.0,1.3862943611198906,1
Dorchester Collection Dubai,2026-07-30 10:59:04,2155.122734071259,,,1
AMAL TOWER,2026-07-30 11:00:14,1048.8453779585814,8.0,2.1972245773362196,1
EQUITI GATES,2026-07-30 11:03:18,1689.7429082895276,,,1
Marquis Galleria,2026-07-30 11:15:52,1403.502197050078,7.0,2.0794415416798357,1
REVA RESIDENCES,2026-07-30 11:17:35,2017.786314840517,7.0,2.0794415416798357,1
City Walk Crestlane 3,2026-07-30 11:17:46,3163.542890332905,2.0,1.0986122886681098,1
Sobha Creek Vistas Grande,2026-07-30 11:41:21,1916.845871522281,5.0,1.791759469228055,1
SABA TOWER 3,2026-07-30 11:51:16,1284.9672186230503,9.0,2.302585092994046,1
WEST WHAREF TOWER,2026-07-30 11:55:09,1664.3135453959414,5.0,1.791759469228055,1
STADIUM POINT,2026-07-30 12:06:38,803.2580060170577,3.0,1.3862943611198906,1
LINCOLN PARK,2026-07-30 12:08:12,1005.5348807102562,11.0,2.4849066497880004,1
Weybridge Gardens 2,2026-07-30 12:10:24,1221.6759350587693,6.0,1.9459101490553132,1
Oceanz 3 By Danube,2026-07-30 12:10:25,3165.6991255218186,,,1
Haya on the Park,2026-07-30 12:17:43,1550.3859696653385,10.0,2.3978952727983707,1
Silver Park Residency,2026-07-30 12:19:05,1128.266684290376,5.0,1.791759469228055,1
BAY SQUARE,2026-07-30 12:22:15,1612.0286156635643,2.0,1.0986122886681098,1
Sky Livings by Peace Homes,2026-07-30 12:26:56,1818.61769381111,1.0,0.6931471805599453,1
PARKWAY BY PRESTIGE ONE,2026-07-30 12:33:55,1963.7216581962293,5.0,1.791759469228055,1
Coventry Cove,2026-07-30 12:37:23,1300.3225110773355,,,1
Legado By Prescott,2026-07-30 12:50:16,1417.4409532369789,,,1
DAMAC RIVERSIDE VIEWS - CAPRI 1,2026-07-30 13:00:21,1463.7606003298156,14.0,2.70805020110221,1
Berkeley Square by Prestige One,2026-07-30 13:05:07,1311.2468258319172,2.0,1.0986122886681098,1
Park Point,2026-07-30 13:09:00,998.8719286102928,4.0,1.6094379124341003,1
TOWN SQUARE JENNA AND WARDA,2026-07-30 13:23:07,1323.6801227621938,7.0,2.0794415416798357,1
DUBAI MARINA MALL,2026-07-30 13:31:05,2828.5179995087833,5.0,1.791759469228055,1
Beach Mansion,2026-07-30 13:42:19,3289.88504292095,2.0,1.0986122886681098,1
Villa dell Arte,2026-07-30 13:47:19,2844.544123068199,6.0,1.9459101490553132,1
Terra Heights,2026-07-30 14:00:52,1907.3557557744075,4.0,1.6094379124341003,1
LIV MARINA,2026-07-30 14:16:39,3035.742377509399,3.0,1.3862943611198906,1
Wavez Residence,2026-07-30 14:34:13,1221.8912473103562,8.0,2.1972245773362196,1
CREEK CRESCENT,2026-07-30 14:34:52,2316.880999302224,7.0,2.0794415416798357,1
Coventry Residence,2026-07-30 14:52:06,1264.4415340434743,3.0,1.3862943611198906,1
ELEGANCE TOWER,2026-07-30 14:53:28,2372.253025836648,4.0,1.6094379124341003,1
Vestoria Bay,2026-07-30 15:31:07,1937.0347743606412,12.0,2.5649493574615367,1
EMIRATES GARDEN 1 (LAVENDER - GARDENIA - ROSE),2026-07-30 15:38:10,994.4612745087817,1.0,0.6931471805599453,1
The Pier,2026-07-30 15:56:52,3130.2482477333137,2.0,1.0986122886681098,1
EMIRATES GARDEN I - GARDENIA,2026-07-30 15:57:57,914.9873078280353,5.0,1.791759469228055,1
Coventry 2,2026-07-30 16:00:56,1148.3016915267572,6.0,1.9459101490553132,1
YIGO26,2026-07-30 16:01:38,1157.97593952234,28.0,3.367295829986474,1
MANHATTAN,2026-07-30 16:17:16,1415.0767545255733,,,1
15 CASCADE,2026-07-30 16:37:03,1891.7623420747927,6.0,1.9459101490553132,1
Enaya Residences,2026-07-30 16:49:19,1459.3527718995374,2.0,1.0986122886681098,1
Creek Waters 2,2026-07-30 16:54:08,2320.2671463300794,10.0,2.3978952727983707,1
Amazonia,2026-07-30 18:23:20,1569.158067152311,6.0,1.9459101490553132,1
Greenfield Living,2026-07-30 18:23:51,1292.8888123182537,1.0,0.6931471805599453,1
AZIZI RIVIERA 65,2026-07-30 19:11:48,2635.240274365544,2.0,1.0986122886681098,1
DAMAC HEIGHTS,2026-07-30 19:50:24,2069.476481350879,8.0,2.1972245773362196,1
Zubaida Residency,2026-07-31 08:15:32,1400.9848912331975,,,1
Flora Shore by Calgary Properties,2026-07-31 08:56:04,2426.5743020048403,6.0,1.9459101490553132,1
ASPIRZ By Danube,2026-07-31 08:56:17,2195.9135250146846,11.0,2.4849066497880004,1
1WOOD RESIDENCE,2026-07-31 08:57:27,1558.0432107666484,2.0,1.0986122886681098,1
VENTO TOWER,2026-07-31 09:15:51,3509.983850468216,4.0,1.6094379124341003,1
Binghatti Amber,2026-07-31 09:56:36,1142.448064961991,12.0,2.5649493574615367,1
The Nook,2026-07-31 10:04:33,1380.9993723549169,16.0,2.833213344056216,1
Creek Beach - Orchid,2026-07-31 10:09:38,2079.808046817447,4.0,1.6094379124341003,1
Harbour Gate,2026-07-31 10:10:13,2105.0558135901783,7.0,2.0794415416798357,1
AL JAWZAA,2026-07-31 10:25:25,861.7316653336304,4.0,1.6094379124341003,1
QPOINT LIWAN-PLOT R099,2026-07-31 10:48:39,861.0348038209398,2.0,1.0986122886681098,1
Vincitore Boulevard,2026-07-31 10:56:08,1264.4676197995047,6.0,1.9459101490553132,1
AVANTI TOWER,2026-07-31 10:59:28,1377.3577941152737,2.0,1.0986122886681098,1
Port De La Mer - La Voile,2026-07-31 11:04:27,3798.6039499424724,2.0,1.0986122886681098,1
Casa Vista Residence By Golden Woods,2026-07-31 11:05:00,1054.3880524625285,6.0,1.9459101490553132,1
Samana Barari Views,2026-07-31 11:09:58,1375.866414549825,6.0,1.9459101490553132,1
Binghatti Crescent,2026-07-31 11:27:55,1413.8797011156398,,,1
TOWER 108,2026-07-31 11:31:34,996.1021791255885,7.0,2.0794415416798357,1
EQUITI HOME,2026-07-31 11:34:32,1166.6985197865654,1.0,0.6931471805599453,1
SUNRISE BAY,2026-07-31 11:36:32,2420.9678843168804,4.0,1.6094379124341003,1
ISOLANA RESIDENCES,2026-07-31 11:36:37,2223.64434773473,1.0,0.6931471805599453,1
DAMAC HILLS (2) - NAVITAS (A & B),2026-07-31 11:46:33,1382.3703598234847,4.0,1.6094379124341003,1
Helvetia Verde,2026-07-31 11:51:45,1824.9929857687134,1.0,0.6931471805599453,1
HILIANA,2026-07-31 11:53:40,622.549807000406,2.0,1.0986122886681098,1
AZIZI AMBER,2026-07-31 11:57:42,1208.5125119006493,1.0,0.6931471805599453,1
AZIZI ZAIN,2026-07-31 11:58:27,1176.5607833860352,42.0,3.7612001156935624,1
Port de La Mer - Le Pont,2026-07-31 12:02:01,2534.042811971656,2.0,1.0986122886681098,1
VITALITY RESIDENCE,2026-07-31 12:04:33,1592.8675389953014,2.0,1.0986122886681098,1
Emerge Residences,2026-07-31 12:11:20,2243.6355165242007,7.0,2.0794415416798357,1
Parkside Views,2026-07-31 12:50:42,2393.0008329956067,,,1
Aria By Beyond,2026-07-31 13:12:45,2525.037291355111,3.0,1.3862943611198906,1
ONE PARK CENTRAL BY IMAN,2026-07-31 13:24:24,1479.7893512296798,3.0,1.3862943611198906,1
Catch Residences By IGO,2026-07-31 14:07:49,1224.5759325943673,4.0,1.6094379124341003,1
SERA 1,2026-07-31 14:29:52,2829.3013710209816,2.0,1.0986122886681098,1
Hillside Residences 3,2026-07-31 15:18:58,1320.5367928454389,4.0,1.6094379124341003,1
WAREF residences by sido development,2026-07-31 15:40:12,1111.860955934385,3.0,1.3862943611198906,1
Samana Mykonos,2026-07-31 15:50:13,1552.2370604249445,6.0,1.9459101490553132,1
Agua Residences by Citi Developers - Tower 1,2026-07-31 16:06:45,2142.867629727094,11.0,2.4849066497880004,1
Azizi Riviera 15,2026-07-31 17:32:22,1600.3065555772835,1.0,0.6931471805599453,1
Le Blanc Residence by Imtiaz,2026-07-31 17:54:52,1648.0899882925025,79.0,4.382026634673881,1
GREEN PARK,2026-07-31 18:00:00,1022.4998112194686,1.0,0.6931471805599453,1
Arya Residences by Citi Developers,2026-08-01 08:56:51,2742.9595696857114,20.0,3.044522437723423,1
Crystal Tower,2026-08-01 08:57:00,1200.0006967734744,12.0,2.5649493574615367,1
Serene Gardens by Prescott,2026-08-01 09:22:23,1242.4099838780617,8.0,2.1972245773362196,1
Elaya,2026-08-01 09:51:06,949.2905485767748,1.0,0.6931471805599453,1
MYRA ONYX,2026-08-01 11:21:19,1242.8127704496237,14.0,2.70805020110221,1
One Beverly,2026-08-01 12:52:34,1749.9134412451128,23.0,3.1780538303479458,1
Beverly Grande,2026-08-01 14:01:25,1629.3158254615091,24.0,3.2188758248682006,1
Milestone Residences,2026-08-01 14:03:10,1293.9204446086133,4.0,1.6094379124341003,1
Beverly Park,2026-08-01 14:15:54,1262.250836265781,5.0,1.791759469228055,1
Marina Cove,2026-08-03 07:57:24,1759.1616964542586,,,1
Samana Waves 2,2026-08-03 09:22:01,1317.9509715337485,2.0,1.0986122886681098,1
butterfly,2026-08-03 10:18:35,1869.8609874513193,7.0,2.0794415416798357,1
Binghatti Starlight,2026-08-03 10:29:21,1606.8036822002875,7.0,2.0794415416798357,1
Barari Parks By Bahat,2026-08-03 10:34:14,1169.11053723133,11.0,2.4849066497880004,1
Artistry Two Residences,2026-08-03 10:38:06,3179.18223934493,16.0,2.833213344056216,1
Creek Beach - Lotus,2026-08-03 11:03:15,2109.9090099533646,5.0,1.791759469228055,1
Beachfront Gates 2,2026-08-03 11:47:23,1310.712011470566,7.0,2.0794415416798357,1
ZaZEN Ivy,2026-08-03 12:03:21,1354.1310902039731,,,1
AB CAVALIER,2026-08-03 12:04:43,1092.3844977312592,4.0,1.6094379124341003,1
Artistry One Residences,2026-08-03 12:06:40,3110.0573197363287,26.0,3.295836866004329,1
SKYZ By Danube,2026-08-03 12:07:36,1487.4312138839925,14.0,2.70805020110221,1
Canal Front Residences-CF7 & CF8 & CF9,2026-08-03 12:48:38,2802.025853632331,4.0,1.6094379124341003,1
Project Maybach,2026-08-03 13:01:56,3539.6327449136024,34.0,3.5553480614894135,1
Park Views Residences B,2026-08-03 13:03:00,2084.3143912551936,7.0,2.0794415416798357,1
ELITE 9 SPORTS RESIDENCE,2026-08-03 13:12:52,1301.9524177329001,,,1
ARBOR VIEW,2026-08-03 13:17:55,1721.4874384221534,10.0,2.3978952727983707,1
Azizi Riviera 1,2026-08-03 13:22:20,1978.8400788005508,3.0,1.3862943611198906,1
GOLF RESIDENCES BY PRESTIGE ONE,2026-08-03 13:38:03,1254.8972624765174,8.0,2.1972245773362196,1
Vista Ridge,2026-08-03 14:13:56,1614.8528193731647,11.0,2.4849066497880004,1
Azizi Riviera 38,2026-08-03 14:21:10,1921.589908117257,2.0,1.0986122886681098,1
ELITE 7 SPORTS RESIDENCE,2026-08-03 15:00:49,1037.0581943045197,3.0,1.3862943611198906,1
The Cove,2026-08-03 15:09:11,2422.3594947502324,4.0,1.6094379124341003,1
Prestige One Residences,2026-08-03 15:10:14,3548.0861248832985,15.0,2.772588722239781,1
HOLLAND GARDENS,2026-08-03 15:11:41,1140.6374339973172,9.0,2.302585092994046,1
GLOBAL GOLF RESIDENCE 2,2026-08-03 15:38:38,810.1469450369502,3.0,1.3862943611198906,1
AURA PRESTIGE,2026-08-03 15:42:35,1300.0020112921143,16.0,2.833213344056216,1
INDIGO SPECTRUM 2,2026-08-03 16:10:40,648.1613714403248,,,1
Grove,2026-08-03 16:14:09,1290.3212487006467,13.0,2.6390573296152584,1
STORIES BY MIRFA,2026-08-03 17:19:00,1309.4217884842508,22.0,3.1354942159291497,1
City Center Residences,2026-08-03 17:59:23,2356.9313029356836,13.0,2.6390573296152584,1
DAMAC HILLS (2) - ELO,2026-08-03 18:19:56,1140.4096531007344,5.0,1.791759469228055,1
Elanora by zoya,2026-08-03 19:49:19,1465.4852129047877,31.0,3.4657359027997265,1
Boutique Xll,2026-08-04 08:54:49,1823.493991652114,4.0,1.6094379124341003,1
LATERAL ONE,2026-08-04 08:58:32,1273.9944244098942,7.0,2.0794415416798357,1
OCEAN HEIGHTS,2026-08-04 10:17:22,1445.8897577413618,10.0,2.3978952727983707,1
BLUE WAVE,2026-08-04 10:26:09,902.8732879191446,9.0,2.302585092994046,1
PARKWOOD RESIDENCES,2026-08-04 10:33:05,877.6189236361413,1.0,0.6931471805599453,1
GIOVANNI BOUTIQUE,2026-08-04 10:40:49,1169.0564339289062,6.0,1.9459101490553132,1
THE CORNER,2026-08-04 10:46:43,1057.714869605316,7.0,2.0794415416798357,1
BEVERLY BOULEVARD,2026-08-04 10:52:14,1658.5357245943935,5.0,1.791759469228055,1
CITY APARTMENTS,2026-08-04 11:08:38,845.8709721626881,1.0,0.6931471805599453,1
DAMAC CASA,2026-08-04 11:29:51,3045.222763485629,6.0,1.9459101490553132,1
LA VISITA 02,2026-08-04 11:29:57,1422.572006470656,,,1
17 ICON BAY,2026-08-04 11:31:17,2076.6276592667573,3.0,1.3862943611198906,1
R Home MH,2026-08-04 11:41:15,2583.523884697763,35.0,3.58351893845611,1
RP HEIGHTS,2026-08-04 11:41:55,1609.973368571858,1.0,0.6931471805599453,1
MARINA QUAYS,2026-08-04 11:42:18,2074.2323790169403,8.0,2.1972245773362196,1
Azizi Riviera 37,2026-08-04 11:49:36,1857.7939366774956,3.0,1.3862943611198906,1
AZIZI VISTA,2026-08-04 11:51:57,1263.2140526444255,2.0,1.0986122886681098,1
Reem by vision,2026-08-04 12:27:58,1272.6605824129078,14.0,2.70805020110221,1
Al Habtoor Tower,2026-08-04 12:31:56,2595.830195518887,36.0,3.6109179126442243,1
ORION BUILDING,2026-08-04 12:49:55,966.8041108366898,1.0,0.6931471805599453,1
7 PARK CENTRAL BY METEORA,2026-08-04 12:55:11,1413.440036143133,,,1
Floarea Residence,2026-08-04 13:18:44,1760.4487501875,3.0,1.3862943611198906,1
La Cle by Maaia Developers,2026-08-04 13:27:44,1357.1533836806477,,,1
Sobha Hartland One Park Avenue,2026-08-04 13:31:23,1944.1936695521267,8.0,2.1972245773362196,1
Avana Residences by DECA Real Estate Development,2026-08-04 13:59:44,1833.3017490544867,3.0,1.3862943611198906,1
WINDSOR HOUSE,2026-08-04 14:15:54,1460.19841085225,21.0,3.091042453358316,1
Kaya,2026-08-04 14:40:54,1152.3113555637751,3.0,1.3862943611198906,1
THE 118,2026-08-04 15:04:12,3661.3922687091904,2.0,1.0986122886681098,1
"Solaya (4,6)",2026-08-04 15:08:10,7244.438894987111,2.0,1.0986122886681098,1
DESIGN QUARTER,2026-08-04 15:11:07,2519.130847383697,4.0,1.6094379124341003,1
VERA TOWER,2026-08-04 15:12:53,2169.3544276499647,5.0,1.791759469228055,1
EATON,2026-08-04 15:17:09,1147.1796473793147,,,1
Azizi Riviera 5,2026-08-04 15:30:37,1599.0162285381052,1.0,0.6931471805599453,1
One Za'abeel,2026-08-04 15:33:42,3985.833245896885,5.0,1.791759469228055,1
Samha Residence 2,2026-08-04 15:36:10,1282.2648285083521,2.0,1.0986122886681098,1
EQUITI APARTMENTS,2026-08-04 15:37:57,799.1868915113846,2.0,1.0986122886681098,1
Exotica by Al Marina,2026-08-04 15:38:40,1410.6155028286728,9.0,2.302585092994046,1
ARAS Residence,2026-08-04 15:41:43,1776.6069957159248,,,1
CHELSEA RESIDENCES BY DAMAC,2026-08-04 15:53:03,2891.5662757677283,8.0,2.1972245773362196,1
PLATINUM 1,2026-08-04 15:53:33,673.4063851728185,3.0,1.3862943611198906,1
IVY AT PARK FIVE,2026-08-04 15:54:52,1660.3883262833574,19.0,2.995732273553991,1
Downtown Residences,2026-08-04 15:58:26,2769.9298577160016,10.0,2.3978952727983707,1
Coventry 49,2026-08-04 16:05:04,1284.2513399168183,,,1
Samana Avenue,2026-08-04 16:08:30,1282.3089323569757,12.0,2.5649493574615367,1
Azizi Aura Residences,2026-08-04 16:11:36,1441.8348126037092,11.0,2.4849066497880004,1
Azizi Riviera 45,2026-08-04 16:22:04,1687.1502242245479,2.0,1.0986122886681098,1
Montiva,2026-08-04 16:32:58,2559.4424145044354,5.0,1.791759469228055,1
Firoza,2026-08-04 17:32:14,1801.917421350564,4.0,1.6094379124341003,1
DAMAC RIVERSIDE VIEWS - CAPRI 2,2026-08-04 17:32:54,1497.3865250246115,35.0,3.58351893845611,1
Burj Crown,2026-08-04 17:55:02,2654.1644922086152,9.0,2.302585092994046,1
Ozone 1 Residence,2026-08-04 18:22:03,1229.65382611468,11.0,2.4849066497880004,1
LEVEN RESIDENCES,2026-08-04 22:00:24,1646.495157349157,15.0,2.772588722239781,1
S'VN RESIDENCES,2026-08-04 22:00:43,1408.3927549509408,,,1
Samana Sky Views,2026-08-04 22:01:14,1444.9960713158234,18.0,2.9444389791664403,1
Rosewood Residences Dubai,2026-08-05 08:41:19,8731.419592470793,11.0,2.4849066497880004,1
"Mohammed Bin Rashid Al Maktoum City , District One Phase III  , Residences 28",2026-08-05 08:44:02,1917.0073127804105,1.0,0.6931471805599453,1
QPOINT LIWAN-PLOT R094,2026-08-05 08:45:22,1165.047341059807,,,1
Silva,2026-08-05 08:49:57,2233.757894554657,4.0,1.6094379124341003,1
EATON PLACE,2026-08-05 09:26:38,23.56012512534328,3.0,1.3862943611198906,1
Empire Residence,2026-08-05 09:53:56,1480.6651541798376,1.0,0.6931471805599453,1
Prime Gardens,2026-08-05 10:30:36,1723.124927731898,1.0,0.6931471805599453,1
Prestige Gardens by Prestige One,2026-08-05 10:37:43,3217.8969117426914,10.0,2.3978952727983707,1
ALandalus Building D,2026-08-05 10:40:53,1436.8984815068409,3.0,1.3862943611198906,1
THE REGENT,2026-08-05 10:59:09,1394.494502038277,4.0,1.6094379124341003,1
Palace Residences Hillside A,2026-08-05 11:00:14,2652.8734485120854,5.0,1.791759469228055,1
Flamingo Lux Residence,2026-08-05 11:02:37,2036.5843559782797,12.0,2.5649493574615367,1
SKY VIEW TOWER,2026-08-05 11:08:53,1469.7840059487348,7.0,2.0794415416798357,1
Fior 1,2026-08-05 11:14:46,2951.760955098648,29.0,3.4011973816621555,1
11 Hills Park,2026-08-05 11:35:13,1521.0226532492152,4.0,1.6094379124341003,1
LAKESIDE RESIDENCE,2026-08-05 11:39:21,1305.2835838500632,4.0,1.6094379124341003,1
Park Heights I,2026-08-05 11:48:01,2091.0174287046157,3.0,1.3862943611198906,1
MERCER HOUSE,2026-08-05 11:51:55,2566.4626184707768,18.0,2.9444389791664403,1
Viridian,2026-08-05 11:58:58,2940.4615841632613,8.0,2.1972245773362196,1
Samana IVY Gardens 2,2026-08-05 12:02:32,1463.9455288549907,10.0,2.3978952727983707,1
The Grand,2026-08-05 12:05:49,2733.240539665716,10.0,2.3978952727983707,1
Azizi Riviera 32,2026-08-05 12:10:15,1664.4335008619864,1.0,0.6931471805599453,1
Jumeirah Asora Bay,2026-08-05 12:16:59,7540.370414389606,1.0,0.6931471805599453,1
THE DIAMOND,2026-08-05 12:18:08,1299.075231692599,,,1
LAKE CITY TOWER,2026-08-05 12:26:37,1243.820591663509,7.0,2.0794415416798357,1
EQUITI TOWER,2026-08-05 12:29:53,1083.7096268991845,12.0,2.5649493574615367,1
ALTAI TOWER,2026-08-05 12:31:24,1638.0015889700178,1.0,0.6931471805599453,1
CHIC TOWER,2026-08-05 12:42:07,2410.6606222662704,4.0,1.6094379124341003,1
QPOINT LIWAN-PLOT R047,2026-08-05 12:42:12,776.5742435673278,1.0,0.6931471805599453,1
BAY CENTRAL WEST & CENTRAL TOWERS,2026-08-05 12:47:01,1492.144564090759,8.0,2.1972245773362196,1
SERENITY LAKES 5,2026-08-05 12:57:56,1066.7115049338322,1.0,0.6931471805599453,1
MBL Royal,2026-08-05 13:00:31,2122.4605396381394,5.0,1.791759469228055,1
Cove Edition Residence 4 By Imtiaz,2026-08-05 13:05:35,1760.3960713800086,3.0,1.3862943611198906,1
The Pulse Residence,2026-08-05 13:16:21,951.8763310086737,3.0,1.3862943611198906,1
Parkside Hills,2026-08-05 13:31:58,2214.9584874180446,7.0,2.0794415416798357,1
DAMAC HILLS - LORETO,2026-08-05 13:37:45,1234.9953871089665,10.0,2.3978952727983707,1
Allura Residences by Citi Developers,2026-08-05 13:41:07,1441.1296378073325,9.0,2.302585092994046,1
Lana on the Park,2026-08-05 13:46:34,1509.8708068462793,3.0,1.3862943611198906,1
The Pulse Residence Park,2026-08-05 14:34:44,800.434086488036,1.0,0.6931471805599453,1
EMPIRE LAKEVIEWS,2026-08-05 14:41:10,1645.5894178306266,23.0,3.1780538303479458,1
THE MAIDEN RESIDENCE,2026-08-05 14:59:40,1141.6055884476036,,,1
BLOOM HEIGHTS,2026-08-05 15:00:01,1514.585428151519,7.0,2.0794415416798357,1
Sky Gate Tower,2026-08-05 15:02:24,1618.7949798588072,59.0,4.0943445622221,1
"Mohammed Bin Rashid Al Maktoum City , District One Phase III  , Residences 22",2026-08-05 15:06:13,1828.856936442581,,,1
DT 1,2026-08-05 15:08:00,2397.499575394584,4.0,1.6094379124341003,1
The Hudson,2026-08-05 15:22:05,1709.0314263596497,10.0,2.3978952727983707,1
WEST AVENUE,2026-08-05 15:38:35,31.60716596774615,3.0,1.3862943611198906,1
Binghatti Skyrise,2026-08-05 15:42:35,2820.9816711061476,14.0,2.70805020110221,1
Azizi Riviera 28,2026-08-05 16:02:21,1520.8686041993105,3.0,1.3862943611198906,1
Seacliff by Imtiaz,2026-08-05 16:22:16,2430.2752043444816,28.0,3.367295829986474,1
Soulever' By Beyond,2026-08-05 16:26:43,3586.976450590858,10.0,2.3978952727983707,1
ETHAN,2026-08-05 16:28:30,1739.5990737181771,4.0,1.6094379124341003,1
ENRE RESIDENCE BY IMTIAZ,2026-08-05 16:32:31,1538.7120463193764,88.0,4.48863636973214,1
MIRDIF HILLS- JANAYEN AVENUE,2026-08-05 16:39:31,1185.6907709114955,3.0,1.3862943611198906,1
Laguna Residence,2026-08-05 16:52:04,1655.0417611997443,43.0,3.784189633918261,1
MARINA ARCADE,2026-08-05 17:04:16,1524.8037978486082,4.0,1.6094379124341003,1
Golden Woods Albab Views,2026-08-05 17:38:37,1203.0391812324642,8.0,2.1972245773362196,1
VILLA DEL BRUNELLO RESIDENCES,2026-08-05 18:13:30,4222.463148709913,1.0,0.6931471805599453,1
VIBE,2026-08-05 19:49:35,2332.9622845834833,9.0,2.302585092994046,1
Vela Viento by Omniyat,2026-08-06 08:59:30,6863.873705961458,3.0,1.3862943611198906,1
MARQUISE SQUARE TOWER,2026-08-06 09:08:24,2147.0012560548967,7.0,2.0794415416798357,1
PARK VIEW TOWER,2026-08-06 09:21:48,726.5773751706417,2.0,1.0986122886681098,1
TENORA,2026-08-06 09:27:07,739.8054938577411,1.0,0.6931471805599453,1
AL SERH RESIDENCES 11 BY ASAK REAL ESTATE DEVELOPMENT,2026-08-06 09:46:11,1408.3659079374374,,,1
ROYAL OCEANIC TOWER,2026-08-06 10:01:54,1916.6490082682014,2.0,1.0986122886681098,1
THE HAVEN RESIDENCES,2026-08-06 10:23:19,1079.3780185821954,4.0,1.6094379124341003,1
SAMANA MYKONOS SIGNATURE,2026-08-06 10:31:49,1624.4142470684023,8.0,2.1972245773362196,1
AZIZI. FREESIA,2026-08-06 10:39:50,1356.1410606685217,,,1
RA1N Residence,2026-08-06 10:45:46,1242.6793756675756,8.0,2.1972245773362196,1
URBAN OASIS,2026-08-06 10:47:36,2095.262078741135,1.0,0.6931471805599453,1
Linea by Holm,2026-08-06 10:56:04,2612.732529838907,67.0,4.219507705176107,1
Fern,2026-08-06 11:05:09,3018.279151445814,2.0,1.0986122886681098,1
Holm One,2026-08-06 11:11:54,2206.0294028365197,38.0,3.6635616461296463,1
Cavendish Square,2026-08-06 11:15:07,1466.6051317313993,1.0,0.6931471805599453,1
PANORAMA,2026-08-06 11:19:58,1722.9298690492983,,,1
SANDOVAL GARDENS,2026-08-06 11:25:57,718.2247743067533,2.0,1.0986122886681098,1
WATER'S EDGE,2026-08-06 11:39:28,1576.9011271568625,3.0,1.3862943611198906,1
Nanma Lotus,2026-08-06 11:46:13,1284.4483049034102,,,1
Samana Resorts,2026-08-06 11:51:04,1141.329476822221,48.0,3.8918202981106265,1
Hyati Avenue,2026-08-06 11:51:30,482.29852452754784,2.0,1.0986122886681098,1
Ahad Residences,2026-08-06 11:55:50,2092.2399090501394,3.0,1.3862943611198906,1
Binghatti Phantom,2026-08-06 12:03:25,1407.041380550516,13.0,2.6390573296152584,1
Olivia Gardens Residence,2026-08-06 12:14:09,2025.433918820393,2.0,1.0986122886681098,1
LIVING LEGENDS PHASE 4,2026-08-06 12:19:05,763.6229395136243,4.0,1.6094379124341003,1
THE ELYSIAN,2026-08-06 12:21:38,1786.0921106416702,3.0,1.3862943611198906,1
DAMAC HILLS - GOLF PROMENADE,2026-08-06 12:24:58,1134.810218726953,5.0,1.791759469228055,1
Golf ville,2026-08-06 12:36:03,2181.8317963686977,4.0,1.6094379124341003,1
OLIVO PARK RESIDENCES BY EVERA,2026-08-06 12:39:28,1409.2486255474203,,,1
Hado By Beyond,2026-08-06 12:40:53,3089.116738357175,31.0,3.4657359027997265,1
DANA TOWER,2026-08-06 12:50:17,1408.4002162470338,,,1
THE CRESCENT,2026-08-06 12:51:05,839.1454362151484,16.0,2.833213344056216,1
OIA Residence,2026-08-06 12:54:19,971.7335919089069,15.0,2.772588722239781,1
VERDE BY VISION,2026-08-06 13:02:02,1372.42649676361,40.0,3.713572066704308,1
Maison Elysee I,2026-08-06 13:09:28,1523.1842256594534,4.0,1.6094379124341003,1
DAMAC HILLS - JASMINE,2026-08-06 13:36:56,1752.196981464883,,,1
LA RIVE,2026-08-06 14:14:15,2335.61878588234,5.0,1.791759469228055,1
J188,2026-08-06 14:24:32,1568.571614844834,12.0,2.5649493574615367,1
Provenza Residences,2026-08-06 14:33:37,1343.2539197441733,6.0,1.9459101490553132,1
THE RESIDENCES AT MARINA GATE 1,2026-08-06 14:36:52,2892.0808236232665,2.0,1.0986122886681098,1
SUBERBIA,2026-08-06 14:56:39,694.4833317877182,8.0,2.1972245773362196,1
Timez By Danube,2026-08-06 15:32:37,1780.1093971729472,19.0,2.995732273553991,1
City Walk Crestlane 1,2026-08-06 15:32:41,3259.6066798885354,,,1
MIDTOWN - MESK,2026-08-06 15:34:57,1183.291534842384,2.0,1.0986122886681098,1
WILTON PARK RESIDENCES,2026-08-06 15:46:57,1862.8700045923954,7.0,2.0794415416798357,1
DAMAC HILLS - GOLF VITA,2026-08-06 15:49:13,1469.3438499146878,12.0,2.5649493574615367,1
THE SPIRIT,2026-08-06 15:51:23,964.9279515043929,3.0,1.3862943611198906,1
Rabdan Gates,2026-08-06 15:57:11,1192.1774402137141,12.0,2.5649493574615367,1
Nirvana Residences - I,2026-08-06 15:57:40,1649.5616389016466,5.0,1.791759469228055,1
Naya at District One,2026-08-06 16:01:26,1997.1114852924152,5.0,1.791759469228055,1
Park Lane,2026-08-06 16:02:00,2184.190906531014,5.0,1.791759469228055,1
ROVE HOME RESIDENCES by IRTH,2026-08-06 16:10:59,3346.1881152593496,4.0,1.6094379124341003,1
Electra,2026-08-06 16:13:01,1327.1825305312882,4.0,1.6094379124341003,1
BEVERLY GARDENS BY AA AND HMB REAL ESTATE DEVELOPMENT,2026-08-06 17:01:38,1341.0542535299544,3.0,1.3862943611198906,1
Skyhills III by HRE,2026-08-06 17:38:13,1594.074109754603,16.0,2.833213344056216,1
ZADA TOWER,2026-08-06 18:23:57,1973.2582127086812,15.0,2.772588722239781,1
Luma Park Views,2026-08-07 08:59:48,1413.1544668238796,17.0,2.8903717578961645,1
AZRA RESIDENCE,2026-08-07 08:59:52,1266.1667476974133,8.0,2.1972245773362196,1
La-Riviera Apartments,2026-08-07 09:03:21,1167.7621085823664,2.0,1.0986122886681098,1
DAMAC RIVERSIDE VIEWS - INDIGO 1,2026-08-07 09:15:31,1412.1709923453423,10.0,2.3978952727983707,1
THE RESIDENCE AT BUSINESS CENTRAL,2026-08-07 09:29:13,1405.4961280560217,3.0,1.3862943611198906,1
Oxford 212,2026-08-07 09:39:35,46.885488362403294,7.0,2.0794415416798357,1
15 Northside,2026-08-07 09:51:55,53.929684151277584,9.0,2.302585092994046,1
STARZ TOWER by DANUBE,2026-08-07 09:58:55,1296.9268588128793,10.0,2.3978952727983707,1
Binghatti Galaxy,2026-08-07 10:02:24,1408.1818774697813,,,1
The Pulse Boulevard Apartments - C3,2026-08-07 10:05:35,836.4635138345184,1.0,0.6931471805599453,1
MAG 318,2026-08-07 10:08:30,2228.2199537033193,9.0,2.302585092994046,1
DURAR1,2026-08-07 10:12:12,990.5574745994451,3.0,1.3862943611198906,1
VILLA MYRA,2026-08-07 10:18:09,764.2304593044548,1.0,0.6931471805599453,1
SOBHA HARTLAND GREENS PHASE II,2026-08-07 10:18:11,1771.8996354632663,1.0,0.6931471805599453,1
SERENIA LIVING,2026-08-07 10:20:52,4266.975993389679,9.0,2.302585092994046,1
Park Horizon,2026-08-07 10:29:52,2312.632871896627,12.0,2.5649493574615367,1
Hadley Heights,2026-08-07 10:34:58,1179.2404323930002,2.0,1.0986122886681098,1
INTERNATIONAL CITY EMARATI,2026-08-07 10:37:52,614.893582242119,24.0,3.2188758248682006,1
MBL RESIDENCE,2026-08-07 10:39:10,1709.6407821037842,2.0,1.0986122886681098,1
THE SQUARE,2026-08-07 10:40:53,1138.122103422124,4.0,1.6094379124341003,1
ARMADA TOWERS,2026-08-07 10:44:37,1270.3531232601797,5.0,1.791759469228055,1
Canal Residence West 2,2026-08-07 10:47:59,986.584156151345,8.0,2.1972245773362196,1
29 BOULEVARD,2026-08-07 10:56:29,1683.5092686909725,15.0,2.772588722239781,1
THE POINT,2026-08-07 10:57:45,2132.388048888937,5.0,1.791759469228055,1
Binghatti Orchid,2026-08-07 11:03:11,1065.8293519134456,9.0,2.302585092994046,1
"THE ROYAL ATLANTIS,RESORT AND RESIDENCES",2026-08-07 11:06:14,8050.53118773367,3.0,1.3862943611198906,1
Floarea Breeze,2026-08-07 11:06:20,1925.7794896452488,8.0,2.1972245773362196,1
Seascape,2026-08-07 11:06:48,1877.5932276839671,6.0,1.9459101490553132,1
Tivanno Residence,2026-08-07 11:12:42,2914.3206470456225,,,1
ME DO RE,2026-08-07 11:12:45,1819.2950740064657,3.0,1.3862943611198906,1
Lagoon Views at District One,2026-08-07 11:14:21,1828.856936442581,,,1
Cove Living Residence By Imtiaz,2026-08-07 11:24:48,1333.43620868497,10.0,2.3978952727983707,1
ACACIA AT PARK HEIGHTS,2026-08-07 11:30:20,2206.634098690681,6.0,1.9459101490553132,1
Westwood Grande by Imtiaz,2026-08-07 11:34:32,1366.2224986242138,3.0,1.3862943611198906,1
THE MAYFAIR,2026-08-07 11:34:57,1261.1626316352279,9.0,2.302585092994046,1
FLOAREA OASIS,2026-08-07 11:35:41,1387.4394693851816,22.0,3.1354942159291497,1
Elitz 3 By Danube,2026-08-07 11:36:27,1554.8384854909668,4.0,1.6094379124341003,1
LIVING LEGENDS PHASE 7,2026-08-07 11:50:34,785.1667167824347,11.0,2.4849066497880004,1
Seventh Heaven - Ashjar,2026-08-07 11:51:03,1055.3991853812201,6.0,1.9459101490553132,1
Kanyon By Beyond,2026-08-07 11:57:09,2823.938208840729,35.0,3.58351893845611,1
CENTRIUM TOWER,2026-08-07 11:59:13,806.592387247463,5.0,1.791759469228055,1
ACT ONE | ACT TWO,2026-08-07 12:03:06,3055.822324405187,10.0,2.3978952727983707,1
South Lofts by Premier Choice,2026-08-07 12:04:27,1247.1372652257014,40.0,3.713572066704308,1
Azizi Riviera 68,2026-08-07 12:33:05,2006.2051401893884,48.0,3.8918202981106265,1
SOBHA HARTLAND GREENS- PHASE I,2026-08-07 12:47:48,1636.2007095014633,3.0,1.3862943611198906,1
DOWNTOWN VIEWS,2026-08-07 13:07:52,2356.0253938778224,5.0,1.791759469228055,1
AZIZI VENICE 5,2026-08-07 13:20:52,1656.6269444684663,89.0,4.499809670330265,1
WADI TOWER,2026-08-07 13:27:19,762.0689254070933,3.0,1.3862943611198906,1
SPORTS VIEW RESIDENCE 2 BY AL HELAL AL ZAHABY,2026-08-07 14:01:19,1132.2128135853955,9.0,2.302585092994046,1
113 RESIDENCES,2026-08-07 15:15:22,2505.6023835133824,4.0,1.6094379124341003,1
Milos By Karma,2026-08-07 15:19:15,1231.4891733930187,3.0,1.3862943611198906,1
TORINO BY ORO24,2026-08-07 15:33:17,1678.3052659484317,20.0,3.044522437723423,1
311 Boulevard by Bam Eskan,2026-08-07 15:36:16,1339.1725250497796,25.0,3.258096538021482,1
Jumeirah Gate,2026-08-07 15:42:44,3536.960805613029,4.0,1.6094379124341003,1
Rabdan Gardens,2026-08-07 15:43:23,2178.231310318218,19.0,2.995732273553991,1
Agua Residences by Citi Developers - Tower 2,2026-08-07 15:45:37,2259.8058625892404,3.0,1.3862943611198906,1
Seagate,2026-08-07 15:46:05,2313.723352197328,4.0,1.6094379124341003,1
MAJESTIQUE RESIDENCE 2,2026-08-07 15:55:29,1247.8462070507408,2.0,1.0986122886681098,1
WEST FIVE BUSINESS BAY RESIDENCES,2026-08-07 16:09:05,2076.511620617938,5.0,1.791759469228055,1
GLAMZ RESIDENCE,2026-08-07 16:09:20,1395.241189541408,4.0,1.6094379124341003,1
SLS DUBAI,2026-08-07 16:19:04,1932.1805174691194,10.0,2.3978952727983707,1
Samana Barari Lagoons,2026-08-07 16:21:36,1489.5962183600031,2.0,1.0986122886681098,1
Address The Bay,2026-08-07 16:38:28,4065.5127806106266,8.0,2.1972245773362196,1
Creek Palace,2026-08-07 16:54:37,2659.383069340738,7.0,2.0794415416798357,1
Azizi Milan 28,2026-08-07 17:21:17,1646.0281985924498,21.0,3.091042453358316,1
Odessa,2026-08-07 17:43:45,1620.7210227359076,2.0,1.0986122886681098,1
Ryze by AUM,2026-08-07 17:44:15,1337.0987199718084,12.0,2.5649493574615367,1
EAGLE HEIGHTS,2026-08-07 17:48:36,1089.9314797845009,6.0,1.9459101490553132,1
Eden House The Park,2026-08-07 17:59:22,3880.925101885535,17.0,2.8903717578961645,1
Verdes by Haven 1,2026-08-07 18:01:13,1468.5470083833634,5.0,1.791759469228055,1
Fawad Azizi Residence,2026-08-07 18:10:06,1822.430619010318,10.0,2.3978952727983707,1
LAZORD BY LAPIS,2026-08-07 20:00:23,1480.3245974104123,13.0,2.6390573296152584,1
Franck Muller Yachting,2026-08-08 09:05:42,2418.4042119794003,4.0,1.6094379124341003,1
QPOINT LIWAN-PLOT R008 A&B,2026-08-08 10:20:27,808.6904044303469,4.0,1.6094379124341003,1
AURESTA TOWER,2026-08-08 12:18:16,1506.3838291117563,30.0,3.4339872044851463,1
Tresora by Wadan,2026-08-08 12:25:47,1475.62497869513,64.0,4.174387269895637,1
EIRA,2026-08-08 13:07:15,1418.0534194228117,2.0,1.0986122886681098,1
Vue by Crystal Bay,2026-08-08 14:48:24,1334.895652191503,4.0,1.6094379124341003,1
Purvanchal Triana Residences,2026-08-08 15:22:44,2200.843111921682,5.0,1.791759469228055,1
Trussardi Residences 2,2026-08-08 16:05:36,2035.1792645824034,7.0,2.0794415416798357,1
Mayfair Nexus by Seven Mayfair,2026-08-08 17:26:01,1472.995942336918,5.0,1.791759469228055,1
DIVINE ELEMENTS,2026-08-08 19:13:35,1464.5768328243596,22.0,3.1354942159291497,1
MARINA RESIDENCE,2026-08-09 10:26:34,2191.111554397324,16.0,2.833213344056216,1
SABA TOWER 2,2026-08-10 09:03:57,1099.2726897027287,12.0,2.5649493574615367,1
U-BORA TOWERS,2026-08-10 09:33:35,640.1790721704257,3.0,1.3862943611198906,1
One Residence,2026-08-10 09:34:44,3119.450601159515,2.0,1.0986122886681098,1
ANANDA RESIDENCES,2026-08-10 10:05:16,1740.000007123734,17.0,2.8903717578961645,1
Enqlave By Aqasa,2026-08-10 10:33:57,1591.072817946662,1.0,0.6931471805599453,1
LILIUM TOWER,2026-08-10 10:36:09,1483.8767300772454,1.0,0.6931471805599453,1
Palm Beach Towers - 2,2026-08-10 10:44:39,3262.2882117150866,8.0,2.1972245773362196,1
SIGNATURE LIVINGS,2026-08-10 10:46:37,70.84720528894813,9.0,2.302585092994046,1
Al Jazi - Madinat Jumeriah Living,2026-08-10 10:48:48,2673.8402788087838,15.0,2.772588722239781,1
Avelon Boulevard,2026-08-10 10:53:24,1604.940546261416,3.0,1.3862943611198906,1
BELGRAVIA III,2026-08-10 10:56:47,1195.326808286941,10.0,2.3978952727983707,1
HYATI RESIDENCE,2026-08-10 11:12:13,1208.2164121402666,4.0,1.6094379124341003,1
THE RESIDENCES AT MARINA GATE 2,2026-08-10 11:15:32,2575.7955702529675,11.0,2.4849066497880004,1
1 Residences,2026-08-10 11:20:17,1827.2108237472285,8.0,2.1972245773362196,1
Creek Beach - Bayshore,2026-08-10 11:46:08,2099.8447185829054,8.0,2.1972245773362196,1
COTIER HOUSE 1 BY IMTIAZ,2026-08-10 11:50:02,3146.4234141550446,1.0,0.6931471805599453,1
STONEHENGE RESIDENCES 2,2026-08-10 11:51:41,1395.5405779938324,9.0,2.302585092994046,1
BELGRAVIA GARDENS,2026-08-10 11:58:50,1636.245498544735,17.0,2.8903717578961645,1
AURA by Grovy,2026-08-10 12:05:38,1288.4805621832418,1.0,0.6931471805599453,1
Veona by Gutti,2026-08-10 12:09:27,1380.6401146635826,13.0,2.6390573296152584,1
LAGUNA TOWER,2026-08-10 12:17:45,978.395815194746,3.0,1.3862943611198906,1
Zenith Tower J1,2026-08-10 12:19:34,1771.673038729991,1.0,0.6931471805599453,1
AZIZI MILAN 51,2026-08-10 12:28:41,1739.8924296956754,153.0,5.0369526024136295,1
Rigel,2026-08-10 12:33:12,1045.4030594486903,6.0,1.9459101490553132,1
MULBERRY at PARK HEIGHTS,2026-08-10 12:37:34,2384.7655966823418,7.0,2.0794415416798357,1
Future Residence,2026-08-10 12:38:34,1928.8237120441563,10.0,2.3978952727983707,1
LIA,2026-08-10 12:40:07,2609.398124085078,4.0,1.6094379124341003,1
Antalya By Karma,2026-08-10 12:43:47,1566.9598505748268,7.0,2.0794415416798357,1
DAMAC HILLS - GOLF TERRACE,2026-08-10 12:48:30,1198.2268347928432,2.0,1.0986122886681098,1
CREEK HORIZON,2026-08-10 12:55:27,2242.0968582324895,6.0,1.9459101490553132,1
NEVA RESIDENCES,2026-08-10 13:01:28,1155.785383907214,13.0,2.6390573296152584,1
Elitz 2 By Danube,2026-08-10 13:05:20,1521.5353725416749,3.0,1.3862943611198906,1
SERENIA RESIDENCES THE PALM,2026-08-10 13:11:47,3859.7218378363973,3.0,1.3862943611198906,1
La Vue Parc,2026-08-10 13:13:59,2228.258433926332,8.0,2.1972245773362196,1
DD BOULEVARD CENTRAL,2026-08-10 13:22:07,2071.4156011572777,6.0,1.9459101490553132,1
MOSELA,2026-08-10 13:29:57,1894.6933359574414,3.0,1.3862943611198906,1
Verdes by Haven 2,2026-08-10 13:32:23,1556.1279727436327,,,1
DEZIRE RESIDENCES,2026-08-10 13:45:08,840.1795030148894,2.0,1.0986122886681098,1
Azizi Riviera Beachfront,2026-08-10 13:47:38,2043.7578685930357,5.0,1.791759469228055,1
ELARIS Rise,2026-08-10 13:55:08,1271.7720770462658,7.0,2.0794415416798357,1
Sobha Hartland Waves Grande,2026-08-10 14:04:12,1943.2353321268863,4.0,1.6094379124341003,1
ALTIA ONE,2026-08-10 14:05:37,1507.99283326406,3.0,1.3862943611198906,1
Elysee Heights,2026-08-10 14:13:45,1439.3381243486297,2.0,1.0986122886681098,1
CREEKSIDE 18,2026-08-10 14:13:52,2226.1133364164507,9.0,2.302585092994046,1
Sobha Hartland Waves,2026-08-10 14:18:01,1865.3158314333102,8.0,2.1972245773362196,1
Laya Residences,2026-08-10 14:38:16,870.4052910722447,3.0,1.3862943611198906,1
THE HAVEN,2026-08-10 14:45:27,1311.1601339917524,7.0,2.0794415416798357,1
PLAZA RESIDENCES,2026-08-10 14:45:58,1050.0012237319104,15.0,2.772588722239781,1
Binghatti Azure,2026-08-10 14:49:18,1475.3580107225443,10.0,2.3978952727983707,1
NOBLES,2026-08-10 15:01:06,1773.5622118573287,3.0,1.3862943611198906,1
GOLDEN MILE,2026-08-10 15:23:26,2017.440938940656,6.0,1.9459101490553132,1
Euphoric Residences,2026-08-10 15:23:52,2065.8502264060294,1.0,0.6931471805599453,1
Chaimaa Avenue,2026-08-10 15:25:06,1077.5281646836693,2.0,1.0986122886681098,1
Binghatti Nova,2026-08-10 15:25:30,1407.845173795581,,,1
TONINO LAMBORGHINI RESIDENCES,2026-08-10 15:29:48,2542.9524870417226,13.0,2.6390573296152584,1
GLOBAL LAKE VIEW,2026-08-10 15:34:50,1299.8920738764436,7.0,2.0794415416798357,1
Takaya,2026-08-10 15:40:05,1908.00190121074,18.0,2.9444389791664403,1
SCALA TOWER,2026-08-10 15:45:48,1193.2698608574876,2.0,1.0986122886681098,1
LAYA HEIGHTS,2026-08-10 15:47:27,111.76016189406909,21.0,3.091042453358316,1
WINNER TOWER,2026-08-10 15:53:20,1202.8793082339039,3.0,1.3862943611198906,1
Mirdad,2026-08-10 16:20:05,1870.6550203554298,30.0,3.4339872044851463,1
Creek Waters,2026-08-10 16:52:16,2376.760760788745,8.0,2.1972245773362196,1
SOL LUXE,2026-08-10 16:54:58,3183.5993634019337,32.0,3.4965075614664802,1
Binghatti Gardenia,2026-08-10 16:55:49,1511.3087282709046,6.0,1.9459101490553132,1
RAWDA APARTMENTS,2026-08-10 17:01:47,1109.877208747533,8.0,2.1972245773362196,1
Tetris Tower,2026-08-10 17:03:12,1637.154596086717,8.0,2.1972245773362196,1
City View Dubai Hills Residences,2026-08-10 17:46:05,3051.8468149106425,5.0,1.791759469228055,1
Prive Residence,2026-08-10 18:05:24,2008.8004778216632,14.0,2.70805020110221,1
Azizi Milan 55,2026-08-10 18:08:32,1713.5731544440976,183.0,5.214935757608986,1
48 PARKSIDE,2026-08-10 18:24:44,1305.759718304532,13.0,2.6390573296152584,1
BAYVIEW,2026-08-10 19:20:18,5671.716090884738,8.0,2.1972245773362196,1
ARLO,2026-08-10 19:38:56,2586.525374001122,2.0,1.0986122886681098,1
Sky Line By Peace Homes,2026-08-10 22:00:39,1511.6734294400878,75.0,4.330733340286331,1
Mirdif Hills - Asayel Avenue,2026-08-10 22:01:38,1350.0088531217912,7.0,2.0794415416798357,1
Park Gate Residences,2026-08-11 07:17:55,1756.8446303166465,6.0,1.9459101490553132,1
Avenue Park Towers,2026-08-11 08:28:32,2293.482961277473,35.0,3.58351893845611,1
Arancia Yards 2 By Beyond,2026-08-11 08:30:50,1795.5748998628314,22.0,3.1354942159291497,1
Augusta,2026-08-11 08:51:50,1632.7768801813238,4.0,1.6094379124341003,1
ONE SKY PARK BY IMAN,2026-08-11 08:54:01,1654.2781648261403,3.0,1.3862943611198906,1
Fashionz 1 By Danube,2026-08-11 09:00:32,1767.3723294966185,12.0,2.5649493574615367,1
Aman Residences Dubai,2026-08-11 09:22:15,15811.14537892451,2.0,1.0986122886681098,1
JAD 288,2026-08-11 09:29:06,2249.564604471972,17.0,2.8903717578961645,1
Imperial  Avenue,2026-08-11 09:47:14,2148.760308533405,12.0,2.5649493574615367,1
Continental Tower,2026-08-11 09:48:13,1683.998399886153,7.0,2.0794415416798357,1
Livel Residenza,2026-08-11 10:09:08,1237.500612511612,8.0,2.1972245773362196,1
DIAMOND VIEWS 4,2026-08-11 10:12:49,1017.0858553045288,3.0,1.3862943611198906,1
DIAMOND VIEWS 3,2026-08-11 10:14:14,1105.0631970778531,5.0,1.791759469228055,1
ORRA MARINA,2026-08-11 10:16:55,1748.149219609234,,,1
CAYAN TOWER,2026-08-11 10:18:17,1928.2602513960978,6.0,1.9459101490553132,1
LAKESIDE,2026-08-11 10:23:30,1029.5189167351577,32.0,3.4965075614664802,1
TOWN SQUARE ZAHRA,2026-08-11 10:24:21,1185.6464253957777,19.0,2.995732273553991,1
The Caden By Prescott,2026-08-11 10:27:59,2267.00845681154,27.0,3.332204510175204,1
Oceanz 1 By Danube,2026-08-11 10:28:03,3188.653922831561,,,1
TULIP OASIS 10,2026-08-11 10:34:53,1289.458157564392,7.0,2.0794415416798357,1
LAKE VIEW,2026-08-11 10:47:48,1251.4962734470328,5.0,1.791759469228055,1
Hills Park,2026-08-11 11:08:02,2161.117395318087,20.0,3.044522437723423,1
ARYENE GREENS,2026-08-11 11:11:25,1001.3974431537109,4.0,1.6094379124341003,1
AMAAL 8,2026-08-11 11:17:43,2245.145330576143,49.0,3.912023005428146,1
HAMILTON HOUSE,2026-08-11 11:21:32,61.20312948388725,2.0,1.0986122886681098,1
Joya Blanca Residences,2026-08-11 11:47:13,1466.0782075380394,2.0,1.0986122886681098,1
MARINA SHORES,2026-08-11 11:55:08,2553.0124920757976,5.0,1.791759469228055,1
Azizi Samia Residence,2026-08-11 11:55:15,1048.5495660016895,5.0,1.791759469228055,1
SULAFA TOWER,2026-08-11 11:58:51,1157.2521975600234,7.0,2.0794415416798357,1
DIAMOND VIEWS 2,2026-08-11 11:59:13,1036.4796940101885,3.0,1.3862943611198906,1
Oxford Gardens,2026-08-11 12:07:40,1836.292060640028,4.0,1.6094379124341003,1
Myrtle,2026-08-11 12:08:48,2724.216045758854,5.0,1.791759469228055,1
BURJ VISTA,2026-08-11 12:17:47,2658.629910316866,8.0,2.1972245773362196,1
Bloom Towers,2026-08-11 12:19:29,146.942171819752,28.0,3.367295829986474,1
Lume Residences,2026-08-11 12:29:17,1693.9144586241407,11.0,2.4849066497880004,1
ELITE 6 SPORTS RESIDENCE,2026-08-11 12:37:35,992.554806692805,3.0,1.3862943611198906,1
BELGRAVIA SQUARE,2026-08-11 12:38:33,1507.1893745508385,4.0,1.6094379124341003,1
Celesto Tower,2026-08-11 12:41:15,1309.991290567518,23.0,3.1780538303479458,1
The Autograph,2026-08-11 12:47:29,1473.4834243687003,7.0,2.0794415416798357,1
Palace Residences Dubai Hills Estate,2026-08-11 12:57:52,2296.6244445304433,4.0,1.6094379124341003,1
AZIZI VENICE 1,2026-08-11 13:03:10,2268.700275910144,14.0,2.70805020110221,1
THE HIGHGROVE,2026-08-11 13:06:40,2434.0974659814733,21.0,3.091042453358316,1
"Mohammed Bin Rashid Al Maktoum City , District One Phase III  , Residences12",2026-08-11 13:07:26,2059.4944415759746,1.0,0.6931471805599453,1
"Mohammed Bin Rashid Al Maktoum City , District One Phase III  , Residences 4",2026-08-11 13:10:40,1478.1632444375502,9.0,2.302585092994046,1
Boutique 23,2026-08-11 13:19:51,1735.4191815400418,2.0,1.0986122886681098,1
Sobha Solis,2026-08-11 13:24:18,2032.5081288529095,8.0,2.1972245773362196,1
Sportz By Danube,2026-08-11 13:26:02,1592.2877651445401,14.0,2.70805020110221,1
THE BOULEVARD BY PRESTIGE ONE,2026-08-11 13:29:37,1208.512054596178,2.0,1.0986122886681098,1
SIERRA BY IMAN,2026-08-11 13:30:08,1660.0014152633933,63.0,4.1588830833596715,1
PRINCESS TOWER,2026-08-11 13:32:27,1317.6971537893849,8.0,2.1972245773362196,1
Azizi Riviera Reve,2026-08-11 13:32:56,2951.629523120948,48.0,3.8918202981106265,1
Evelyn on the Park,2026-08-11 13:48:31,1850.8190016017427,13.0,2.6390573296152584,1
Viewz 2 By Danube,2026-08-11 13:56:51,2177.84980607515,10.0,2.3978952727983707,1
Oxford Residence,2026-08-11 14:12:38,37.138079194843925,2.0,1.0986122886681098,1
Viewz 1 By Danube,2026-08-11 14:26:47,2058.4092592680863,4.0,1.6094379124341003,1
RIVERTON HOUSE,2026-08-11 14:30:30,2706.7080814037827,69.0,4.248495242049359,1
Symphony,2026-08-11 14:40:11,1450.227599826561,13.0,2.6390573296152584,1
Albero,2026-08-11 14:49:21,2669.6807873748144,,,1
Azizi Ruby,2026-08-11 14:50:09,1739.2236297553031,68.0,4.23410650459726,1
ALTIA RESIDENCE,2026-08-11 14:55:20,1074.5854384137451,2.0,1.0986122886681098,1
O10,2026-08-11 14:55:57,1508.3269506986437,3.0,1.3862943611198906,1
South Living,2026-08-11 15:00:16,1296.4872224698277,8.0,2.1972245773362196,1
Vincitore Aqua Flora,2026-08-11 15:00:34,1768.3912772491174,17.0,2.8903717578961645,1
ORLA Infinity by OMNIYAT,2026-08-11 15:00:43,9863.901110152661,1.0,0.6931471805599453,1
Vincitore Aqua Dimore,2026-08-11 15:00:48,1606.5852377745982,22.0,3.1354942159291497,1
10 OXFORD by IMAN,2026-08-11 15:18:33,1423.592429229426,1.0,0.6931471805599453,1
The Element at Sobha One,2026-08-11 15:27:51,2515.0241142556724,17.0,2.8903717578961645,1
Azizi Riviera 46,2026-08-11 15:30:19,1950.635111914714,5.0,1.791759469228055,1
ZaZEN One,2026-08-11 15:32:31,1319.2142968692574,1.0,0.6931471805599453,1
PLATINUM RESIDENCE,2026-08-11 15:56:20,1765.4394630228846,8.0,2.1972245773362196,1
Oakyard Residences,2026-08-11 15:56:32,1407.7174471456367,27.0,3.332204510175204,1
DAMAC HILLS - GOLF GATE 2,2026-08-11 15:57:36,1448.1734526346363,6.0,1.9459101490553132,1
Binghatti Aurora,2026-08-11 16:04:36,1343.558488755724,12.0,2.5649493574615367,1
Velos Residence,2026-08-11 16:15:36,2011.176967584751,3.0,1.3862943611198906,1
ONDA BY KASCO,2026-08-11 16:24:29,1905.07314975103,3.0,1.3862943611198906,1
FH Residency,2026-08-11 16:35:45,1571.090070129354,5.0,1.791759469228055,1
Rome by SD,2026-08-11 16:37:40,1699.3879616124266,9.0,2.302585092994046,1
Golf Hillside,2026-08-11 16:40:09,2242.6173355282745,8.0,2.1972245773362196,1
Soul by vision,2026-08-11 16:43:33,1192.791021195575,12.0,2.5649493574615367,1
The Residences at the Dubai Beach Edition,2026-08-11 16:57:07,4781.439338950782,26.0,3.295836866004329,1
Rome 3 by SD,2026-08-11 17:08:14,782.4555324363037,40.0,3.713572066704308,1
DAMAC HILLS (2) - ELO 2 & ELO 3,2026-08-11 17:28:23,1307.4188497900166,6.0,1.9459101490553132,1
REEF 1000,2026-08-11 17:37:14,1258.5185207704294,7.0,2.0794415416798357,1
CHELSEA RESIDENCES 2 BY DAMAC,2026-08-11 17:40:21,3007.994165571149,20.0,3.044522437723423,1
THE PALM TOWER,2026-08-11 18:00:23,4048.399494381638,5.0,1.791759469228055,1
Orise,2026-08-11 19:40:16,2915.000599756454,,,1
Rose Gardens 1,2026-08-11 20:11:51,2203.49138832245,2.0,1.0986122886681098,1
Sobha Central Phase I,2026-08-11 20:16:08,2814.986853809617,28.0,3.367295829986474,1
Samana Lake Views 2,2026-08-12 07:52:55,1423.6223039948686,2.0,1.0986122886681098,1
South Garden B,2026-08-12 08:19:28,1379.999494517911,2.0,1.0986122886681098,1
MIRDIF HILLS- AL MULTAQA AVENUE,2026-08-12 08:42:01,1032.59192738066,2.0,1.0986122886681098,1
Samana Hills South 3,2026-08-12 09:00:55,1301.7137203782338,22.0,3.1354942159291497,1
Diamondz By Danube,2026-08-12 09:01:09,2410.9372702580813,12.0,2.5649493574615367,1
Prime Views,2026-08-12 09:07:04,1471.1816191696164,2.0,1.0986122886681098,1
The Wilds Residences,2026-08-12 09:35:53,1822.2072594597353,63.0,4.1588830833596715,1
INDIGO TOWER,2026-08-12 09:48:31,1423.196883673224,5.0,1.791759469228055,1
555 PARK VIEWS,2026-08-12 09:58:06,1235.9196569625515,1.0,0.6931471805599453,1
HAMENI,2026-08-12 10:01:57,34.52114848598819,9.0,2.302585092994046,1
Greenside Residence,2026-08-12 10:16:53,2291.6390958110514,13.0,2.6390573296152584,1
Jumeirah Living Business Bay,2026-08-12 10:23:17,2120.377032223606,,,1
Divine Al Barari,2026-08-12 10:32:44,1457.5539649130324,27.0,3.332204510175204,1
Burj Binghatti Jacob & Co. Residences,2026-08-12 10:41:42,3923.0667950001853,4.0,1.6094379124341003,1
PORT DE LA MER - LE SOLEIL,2026-08-12 10:49:25,3379.716810176803,4.0,1.6094379124341003,1
BLVD HEIGHTS,2026-08-12 10:50:47,2472.180399056667,6.0,1.9459101490553132,1
PALM VIEWS - EAST,2026-08-12 10:57:17,20.113242080721577,5.0,1.791759469228055,1
Serra Residence By Wujod,2026-08-12 10:57:57,1270.2790678523102,1.0,0.6931471805599453,1
Pearl House II By Imtiaz,2026-08-12 10:58:19,1539.5297960739788,9.0,2.302585092994046,1
TERHAB HOTEL & TOWERS AT JUMEIRAH VILLAGE TRIANGLE,2026-08-12 11:01:31,1825.5437653861914,1.0,0.6931471805599453,1
Palace Residences - North,2026-08-12 11:15:06,2585.4861083277474,19.0,2.995732273553991,1
Kaia,2026-08-12 11:24:37,2013.0061533005044,8.0,2.1972245773362196,1
AL HELAL AL ZAHABY  2,2026-08-12 11:28:30,754.4178569104621,1.0,0.6931471805599453,1
Savannah,2026-08-12 11:29:18,1466.3019763673656,6.0,1.9459101490553132,1
PARK LANE 2 BY HEILBRONN,2026-08-12 11:30:38,1531.5319492538267,2.0,1.0986122886681098,1
The Orchard Place- Towers D&E,2026-08-12 11:51:58,1484.6926044519948,1.0,0.6931471805599453,1
BELLA ROSE,2026-08-12 11:55:11,1385.271301858324,4.0,1.6094379124341003,1
THE DUBAI CREEK RESIDENCES,2026-08-12 11:56:35,2064.400724904579,9.0,2.302585092994046,1
LAYA COURTYARD,2026-08-12 12:01:44,1588.6685364705695,16.0,2.833213344056216,1
ROYALE RESIDENCE1,2026-08-12 12:02:09,882.3044551212444,5.0,1.791759469228055,1
SEASONS COMMUNITY- AUTUMN,2026-08-12 12:05:06,774.9646951659658,4.0,1.6094379124341003,1
Azizi David,2026-08-12 12:15:18,2393.878124335839,109.0,4.700480365792417,1
HDS SUNSTAR 1,2026-08-12 12:16:11,676.5741539013034,2.0,1.0986122886681098,1
GEMINI SPLENDOR,2026-08-12 12:24:20,1578.2809104719063,2.0,1.0986122886681098,1
Binghatti Royale,2026-08-12 12:30:48,1475.6880070018701,14.0,2.70805020110221,1
Park Vista,2026-08-12 12:32:40,483.3670843385127,4.0,1.6094379124341003,1
Jardin Astral,2026-08-12 12:32:59,2253.8017751529155,1.0,0.6931471805599453,1
FORUM RESIDENCES,2026-08-12 12:36:19,1390.5572505081057,,,1
MAG 5 BOULEVARD,2026-08-12 12:37:08,1082.013561095674,24.0,3.2188758248682006,1
Binghatti Twilight,2026-08-12 12:41:36,1809.2844959410677,8.0,2.1972245773362196,1
Azizi Noura,2026-08-12 12:46:48,1723.62162913222,162.0,5.093750200806762,1
MAYFAIR RESIDENCY,2026-08-12 12:48:29,693.4219349461097,3.0,1.3862943611198906,1
"QASR SABAH I , II ,III",2026-08-12 12:51:21,716.3929643452338,63.0,4.1588830833596715,1
Binghatti Ruby,2026-08-12 12:51:54,1861.3717033793832,17.0,2.8903717578961645,1
Luma22,2026-08-12 12:55:21,1320.2891739639963,2.0,1.0986122886681098,1
J ONE,2026-08-12 12:57:39,1770.1186100426835,3.0,1.3862943611198906,1
Island Park II,2026-08-12 13:03:06,2521.636805249471,3.0,1.3862943611198906,1
The Pulse Boulevard Apartments,2026-08-12 13:14:50,965.5204484810885,5.0,1.791759469228055,1
PRIME RESIDENCY1,2026-08-12 13:18:41,873.2368723530578,1.0,0.6931471805599453,1
Collective 2.0,2026-08-12 13:19:12,948.7324003907324,10.0,2.3978952727983707,1
BARARIGATE by ADE,2026-08-12 13:23:01,1538.9071537772975,18.0,2.9444389791664403,1
South Garden E,2026-08-12 13:25:23,1439.5140141027036,36.0,3.6109179126442243,1
Arisha Terraces,2026-08-12 13:32:03,1600.1860314795215,13.0,2.6390573296152584,1
BEACH ISLE,2026-08-12 13:34:20,3384.9750912671684,4.0,1.6094379124341003,1
EMBER AT PARK FIVE,2026-08-12 13:36:27,1354.4933476334058,2.0,1.0986122886681098,1
ONE RIVER POINT,2026-08-12 13:38:53,2589.2447855002956,18.0,2.9444389791664403,1
GHALIA,2026-08-12 13:39:48,1163.8834274692617,8.0,2.1972245773362196,1
Azizi Grand,2026-08-12 13:47:36,1341.8739133294073,164.0,5.10594547390058,1
PALM VIEWS - WEST,2026-08-12 13:50:41,24.696419256407303,3.0,1.3862943611198906,1
CLAYDON HOUSE BY ELLINGTON,2026-08-12 13:52:02,2110.145798204139,7.0,2.0794415416798357,1
GOLD CREST VIEWS2,2026-08-12 14:00:35,1507.3276919074751,5.0,1.791759469228055,1
Chapter 01 By Newbury Developments,2026-08-12 14:04:56,1149.4659259706275,18.0,2.9444389791664403,1
THE EDIT at d3,2026-08-12 14:07:34,3502.2624307113383,34.0,3.5553480614894135,1
ELEVATE by Prescott,2026-08-12 14:13:57,1556.166330091232,11.0,2.4849066497880004,1
Westwood By Imtiaz,2026-08-12 14:15:17,117.05747471124984,5.0,1.791759469228055,1
SAMANA HILLS,2026-08-12 14:20:44,1381.0012519842862,6.0,1.9459101490553132,1
FOREST CITY TOWER,2026-08-12 14:21:18,929.2653190882056,7.0,2.0794415416798357,1
Sobha Hartland Greens - Phase III,2026-08-12 14:39:36,143.18149074547534,18.0,2.9444389791664403,1
MAG 777,2026-08-12 15:10:30,1608.1556571989513,14.0,2.70805020110221,1
BURJ VIEW RESIDENCE,2026-08-12 15:19:37,1245.4387469079165,4.0,1.6094379124341003,1
Barari Palace,2026-08-12 15:28:11,1555.8813181071357,17.0,2.8903717578961645,1
Rukan Residence,2026-08-12 15:57:50,937.3205282256448,1.0,0.6931471805599453,1
HOUSE OF WELL,2026-08-12 15:59:46,1849.9675940671577,1.0,0.6931471805599453,1
Nova Tower,2026-08-12 16:06:26,1339.8880249187587,6.0,1.9459101490553132,1
Palatium Residences,2026-08-12 16:21:41,1452.209039010288,4.0,1.6094379124341003,1
Burj Royale,2026-08-12 16:29:36,3553.1965842545724,8.0,2.1972245773362196,1
Emerald Vision Tower,2026-08-12 16:40:09,1335.0891179329212,1.0,0.6931471805599453,1
Floarea Skies,2026-08-12 16:54:29,1486.5058426867622,9.0,2.302585092994046,1
DAMAC RIVERSIDE VIEWS - AZURE 2,2026-08-12 16:57:06,1421.9293325064111,15.0,2.772588722239781,1
DAMAC RIVERSIDE VIEWS - ROYAL 2,2026-08-12 17:05:15,1633.9720522067864,2.0,1.0986122886681098,1
ELZ Residence,2026-08-12 17:06:05,1088.6922777450395,4.0,1.6094379124341003,1
SEAPOINT,2026-08-12 17:17:39,4587.941862291906,4.0,1.6094379124341003,1
ARLINGTON PARK II BY MAJID,2026-08-12 17:22:23,1591.3689842539516,18.0,2.9444389791664403,1
Binghatti Wraith,2026-08-12 17:35:19,1679.9290323693317,5.0,1.791759469228055,1
Reef 998,2026-08-12 17:50:25,1569.3246760646932,37.0,3.6375861597263857,1
MBL Signature,2026-08-12 17:57:20,827.9907088741302,21.0,3.091042453358316,1
AURELIA RESIDENCE,2026-08-12 18:00:38,1285.162705569802,4.0,1.6094379124341003,1
RAFFI BY AZIZI,2026-08-12 18:52:06,1675.1109827092694,37.0,3.6375861597263857,1
Coventry Centro,2026-08-12 19:08:25,1301.7137203782338,,,1
Ocean Crest by SD,2026-08-12 22:00:51,2325.5477804847123,6.0,1.9459101490553132,1
Sobha Central Phase II,2026-08-12 22:10:13,2975.0095292607716,25.0,3.258096538021482,1
Maybach Ultimate Luxury,2026-08-12 23:22:22,3657.60353962388,57.0,4.060443010546419,1
The EDGE,2026-08-13 08:44:46,2258.9008652381935,42.0,3.7612001156935624,1
South Garden D,2026-08-13 08:55:55,1454.159518943442,22.0,3.1354942159291497,1
Samana Barari Heights,2026-08-13 09:01:59,1821.5835753974682,75.0,4.330733340286331,1
Samana Parkville,2026-08-13 09:02:07,1470.0439196128684,19.0,2.995732273553991,1
Samana Park Meadows,2026-08-13 09:02:14,1289.0074688050229,7.0,2.0794415416798357,1
DAMAC LAGOONS - LAGOON VIEWS 10,2026-08-13 09:08:35,1691.5282389956167,1.0,0.6931471805599453,1
South Garden C,2026-08-13 09:08:37,1217.043366540963,2.0,1.0986122886681098,1
THE EAST CREST BY METEORA,2026-08-13 09:18:37,1276.3205631179655,2.0,1.0986122886681098,1
Resortz Residence,2026-08-13 09:26:06,1144.3461349394875,7.0,2.0794415416798357,1
Bayz 102 By Danube,2026-08-13 09:29:18,2794.134584325805,12.0,2.5649493574615367,1
Palm Central Private Residences - Frond N,2026-08-13 09:29:59,3560.6154008203703,156.0,5.056245805348308,1
OASIS RESIDENCES,2026-08-13 09:34:52,1172.0903812885713,9.0,2.302585092994046,1
Azizi Milan 9,2026-08-13 09:37:19,1800.551652523386,142.0,4.962844630259907,1
Coventry Curve,2026-08-13 09:41:17,1232.1657838347423,12.0,2.5649493574615367,1
THE POLO RESIDENCE,2026-08-13 09:42:44,1374.1733570061203,5.0,1.791759469228055,1
TRIDENT GRAND,2026-08-13 09:49:50,1725.5661829808341,7.0,2.0794415416798357,1
"AYAMI RESIDENCE, BY AYAT DEVELOPMENT",2026-08-13 09:56:22,1372.7670042858647,178.0,5.187385805840755,1
AVANOS,2026-08-13 10:03:54,1100.4734839292298,1.0,0.6931471805599453,1
Saray prime residence,2026-08-13 10:08:36,1237.6147337165453,11.0,2.4849066497880004,1
FOREST CITY TOWER 2,2026-08-13 10:11:18,1042.4910155618277,4.0,1.6094379124341003,1
MAY RESIDENCE,2026-08-13 10:11:43,1031.2034067186592,7.0,2.0794415416798357,1
Rise Residences,2026-08-13 10:12:07,1253.3185116888797,9.0,2.302585092994046,1
DAMAC HILLS - ORCHID,2026-08-13 10:14:19,1201.1449255391794,4.0,1.6094379124341003,1
Karma,2026-08-13 10:17:35,1048.4153720785741,1.0,0.6931471805599453,1
INTERSTELLAR TOWER,2026-08-13 10:22:14,1598.285815868811,28.0,3.367295829986474,1
Binghatti Crest,2026-08-13 10:26:32,1277.1099785894776,2.0,1.0986122886681098,1
QPOINT LIWAN-PLOT R072,2026-08-13 10:37:33,694.0711481069491,3.0,1.3862943611198906,1
AG TOWER,2026-08-13 10:42:13,1667.2757827501148,6.0,1.9459101490553132,1
Peninsula One,2026-08-13 10:44:27,2479.129868487299,6.0,1.9459101490553132,1
MASAAR RESIDENCES,2026-08-13 10:45:34,1408.3117992940774,,,1
Sobha Orbis,2026-08-13 10:47:52,2050.008595034097,11.0,2.4849066497880004,1
UNA,2026-08-13 10:50:45,1480.6375610484233,6.0,1.9459101490553132,1
Sobha Creek vistas Reserve,2026-08-13 10:54:49,2039.5229585535046,15.0,2.772588722239781,1
AZIZI VENICE 3,2026-08-13 10:58:58,1527.2092421827592,14.0,2.70805020110221,1
Royal Regency Suites,2026-08-13 11:25:43,1836.001720621891,3.0,1.3862943611198906,1
GEMZ by Danube,2026-08-13 11:30:42,1403.3502566093762,1.0,0.6931471805599453,1
California Residences,2026-08-13 11:30:54,1395.8753978239897,16.0,2.833213344056216,1
High Best Tower,2026-08-13 11:52:49,1600.0041504615351,3.0,1.3862943611198906,1
MAS Barsha Residency,2026-08-13 11:54:46,1799.9907619792841,9.0,2.302585092994046,1
THE MERIVA COLLECTION,2026-08-13 11:56:20,3518.105676948636,160.0,5.081404364984463,1
Skyhills II by HRE,2026-08-13 11:57:30,1668.583087781754,11.0,2.4849066497880004,1
Binghatti Apex,2026-08-13 11:58:35,1407.4649540103374,118.0,4.77912349311153,1
The Hamilton,2026-08-13 12:00:09,1359.885529258497,20.0,3.044522437723423,1
QPOINT LIWAN-PLOT R020,2026-08-13 12:04:48,733.8027650914072,1.0,0.6931471805599453,1
ICONIC,2026-08-13 12:08:02,4094.550756910385,7.0,2.0794415416798357,1
THE HILLGATE,2026-08-13 12:09:25,1618.2723404926262,36.0,3.6109179126442243,1
Creek Beach - Rosewater,2026-08-13 12:12:04,2067.7882514562357,4.0,1.6094379124341003,1
LAGO VISTA,2026-08-13 12:12:37,779.5690361603015,8.0,2.1972245773362196,1
Skyhills Astra by HRE,2026-08-13 12:14:59,1885.0338596836339,115.0,4.7535901911063645,1
ELLINGTON SANDS I,2026-08-13 12:22:53,2742.7589078954334,25.0,3.258096538021482,1
Ellison,2026-08-13 12:30:47,1430.1073398119015,2.0,1.0986122886681098,1
MIDTOWN - AFNAN,2026-08-13 12:35:23,1242.939682779103,11.0,2.4849066497880004,1
SOL BAY,2026-08-13 12:39:47,2109.5772318912677,,,1
MARQUIS ELEGANCE,2026-08-13 12:44:53,1661.5063919600564,,,1
Expo City Mangrove Residences,2026-08-13 12:57:29,1713.9907516043245,10.0,2.3978952727983707,1
OLYMPIC PARK 4,2026-08-13 13:03:11,670.6003932227748,5.0,1.791759469228055,1
Q Gardens Lofts 2,2026-08-13 13:17:17,1116.3252095649327,7.0,2.0794415416798357,1
ELITE 10 SPORTS RESIDENCE,2026-08-13 13:18:11,1015.6193598742581,11.0,2.4849066497880004,1
AG 7EVEN,2026-08-13 13:20:27,1035.3175707803573,3.0,1.3862943611198906,1
Golf Point,2026-08-13 13:43:02,1299.9411477995493,3.0,1.3862943611198906,1
WINDSOR HOUSE II,2026-08-13 13:52:39,1568.0610932009827,32.0,3.4965075614664802,1
Azizi Riviera 44,2026-08-13 13:58:54,1980.7650617279521,4.0,1.6094379124341003,1
Pearl House III by Imtiaz,2026-08-13 13:59:26,1579.9852024905877,1.0,0.6931471805599453,1
DAMAC RIVERSIDE VIEWS - MARINE 2,2026-08-13 14:01:55,1397.091312430604,6.0,1.9459101490553132,1
Boulevard Point,2026-08-13 14:03:01,3225.564826477793,7.0,2.0794415416798357,1
Camden,2026-08-13 14:03:59,1750.1849120598704,9.0,2.302585092994046,1
GENESIS,2026-08-13 14:04:29,49.38706053044083,3.0,1.3862943611198906,1
Hills View at Wasl Gate,2026-08-13 14:05:08,1434.99970527694,31.0,3.4657359027997265,1
CLASSIC APARTMENTS,2026-08-13 14:11:59,541.8477851905714,1.0,0.6931471805599453,1
DD STAND POINT,2026-08-13 14:27:49,2192.6697021042737,10.0,2.3978952727983707,1
The central downtown,2026-08-13 14:28:30,1453.1505006747802,27.0,3.332204510175204,1
Azizi Riviera 33,2026-08-13 14:35:08,1745.4046609238464,1.0,0.6931471805599453,1
THE PORTMAN,2026-08-13 14:39:48,1240.9526204904341,4.0,1.6094379124341003,1
Maimoon Gardens,2026-08-13 14:39:58,1644.744252635588,5.0,1.791759469228055,1
Sakura Gardens by HRE,2026-08-13 14:41:36,1594.8994994448803,70.0,4.2626798770413155,1
310 Riverside Crescent,2026-08-13 14:44:59,2567.5186852751544,6.0,1.9459101490553132,1
Q GARDENS ALIYA,2026-08-13 14:45:17,1151.5611170682034,8.0,2.1972245773362196,1
Ocean Pearl 2 By SD,2026-08-13 14:45:57,2878.3218731980214,,,1
AZIZI VENICE 8,2026-08-13 14:52:29,1701.4824020487474,156.0,5.056245805348308,1
EQUITI ARCADE,2026-08-13 14:55:41,28.77725718678204,1.0,0.6931471805599453,1
THE PAD,2026-08-13 15:03:40,31.22360841142419,3.0,1.3862943611198906,1
Saria,2026-08-13 15:07:20,3177.6344561811666,,,1
AYKON CITY 2,2026-08-13 15:11:59,1600.8542211709248,9.0,2.302585092994046,1
Q Gardens Lofts,2026-08-13 15:18:07,1407.4722167772748,8.0,2.1972245773362196,1
THE COURT,2026-08-13 15:21:04,2098.8917226780277,,,1
Ocean Bay by Samana Developers,2026-08-13 15:26:09,2173.6714156149783,12.0,2.5649493574615367,1
"Mohammed Bin Rashid Al Maktoum City , District One Phase III  , Residences 19",2026-08-13 15:26:33,2018.3796069060395,1.0,0.6931471805599453,1
QPOINT LIWAN-PLOT R005,2026-08-13 15:31:28,497.4688216947917,8.0,2.1972245773362196,1
09 Life Residences,2026-08-13 15:33:22,1252.8872303817207,7.0,2.0794415416798357,1
Santorini Residences by Loutraki,2026-08-13 15:49:10,1374.532581223112,5.0,1.791759469228055,1
SERENIA DISTRICT - EAST,2026-08-13 16:24:18,2590.961083380867,61.0,4.127134385045092,1
Azizi Venice 16,2026-08-13 16:24:58,1893.7677125041673,228.0,5.43372200355424,1
Binghatti Ghost,2026-08-13 16:25:05,1920.40810111241,12.0,2.5649493574615367,1
Hillsedge,2026-08-13 16:25:12,2376.656660364663,5.0,1.791759469228055,1
AL KHAIL HEIGHTS,2026-08-13 16:37:57,983.037267588838,10.0,2.3978952727983707,1
360 Riverside Crescent,2026-08-13 16:46:05,2452.4814178056026,8.0,2.1972245773362196,1
350 Riverside Crescent,2026-08-13 17:13:02,2374.9986634653505,18.0,2.9444389791664403,1
Tomorrow 166,2026-08-13 17:23:58,2059.837380545184,1.0,0.6931471805599453,1
Azizi Riviera 23,2026-08-13 17:31:17,1781.6251327558573,7.0,2.0794415416798357,1
368 Park Ln,2026-08-13 17:34:35,1373.7664227865207,4.0,1.6094379124341003,1
Address Residences l Dubai Creek Harbour,2026-08-13 17:58:28,2948.0860556075204,2.0,1.0986122886681098,1
Sobha Creek Vistas Heights,2026-08-13 18:17:35,2014.4943909641265,22.0,3.1354942159291497,1
Breez by Danube,2026-08-13 18:33:32,3531.5070728825326,57.0,4.060443010546419,1
Azizi Milan 53,2026-08-13 18:35:15,1733.3077397343145,66.0,4.204692619390966,1
Enchante By GRID,2026-08-13 18:36:22,1768.7030370248865,141.0,4.955827057601261,1
azizi venice 13,2026-08-13 18:37:52,1686.9736658259699,520.0,6.255750041753367,1
5242,2026-08-13 18:55:57,2570.945073003123,5.0,1.791759469228055,1
PARAMOUNT TOWER HOTEL & RESIDENCES,2026-08-13 19:13:04,2054.242784001029,5.0,1.791759469228055,1
Azizi Riviera 9,2026-08-13 19:13:22,1846.8840891681764,1.0,0.6931471805599453,1
Azizi Milan Heights,2026-08-13 19:19:07,1755.0004888824767,631.0,6.448889394146858,1
Azizi Milan 20,2026-08-13 19:20:58,1609.9595896332462,252.0,5.53338948872752,1
AUM 99 Residences,2026-08-13 19:27:00,1524.9998826223898,40.0,3.713572066704308,1
Madinat Jumeirah Living,2026-08-13 19:50:15,2205.502806990106,1.0,0.6931471805599453,1
LIVING LEGENDS PHASE 5,2026-08-14 08:22:32,1435.6997781063772,110.0,4.709530201312334,1
Elitz By Danube,2026-08-14 08:32:17,1394.149433226442,9.0,2.302585092994046,1
Celine By Vision,2026-08-14 08:35:58,1253.6978376883626,3.0,1.3862943611198906,1
PEACE AVENUE BY PEACE HOMES,2026-08-14 09:02:22,1132.9096242257287,54.0,4.007333185232471,1
Lincoln Star Residence II,2026-08-14 09:02:26,1277.4480655081554,,,1
Peace Lagoons by Peace Homes,2026-08-14 09:02:34,1493.491788336673,25.0,3.258096538021482,1
Peace Lagoons II by Peace Homes,2026-08-14 09:02:52,1591.5802546514763,56.0,4.04305126783455,1
Mars Residences,2026-08-14 09:06:37,976.2893639270198,3.0,1.3862943611198906,1
CANAL HEIGHTS,2026-08-14 09:26:37,2810.8384226818043,3.0,1.3862943611198906,1
ELITE BUSINESS BAY RESIDENCE,2026-08-14 09:39:28,1451.0430122433897,5.0,1.791759469228055,1
Marquis One,2026-08-14 09:49:56,1711.0242214272967,25.0,3.258096538021482,1
23 MARINA,2026-08-14 09:52:38,1346.3708235555355,3.0,1.3862943611198906,1
SOBHA DAFFODIL,2026-08-14 09:55:07,785.6767950662764,1.0,0.6931471805599453,1
CAPITAL BAY  A,2026-08-14 09:59:45,1065.5644458180395,1.0,0.6931471805599453,1
THE CAPE,2026-08-14 10:00:57,2944.850274907428,10.0,2.3978952727983707,1
THE ATLANTIC,2026-08-14 10:09:05,1492.7554776406992,1.0,0.6931471805599453,1
URBANA III,2026-08-14 10:13:44,805.9419786836845,3.0,1.3862943611198906,1
SHERENA RESIDENCE,2026-08-14 10:16:43,1035.797057782446,4.0,1.6094379124341003,1
Binghatti Corner,2026-08-14 10:27:15,1310.671050889295,16.0,2.833213344056216,1
THE VOGUE,2026-08-14 10:30:18,1402.6677081157015,2.0,1.0986122886681098,1
DAMAC HILLS - GOLF GATE,2026-08-14 10:30:30,1436.8932276302096,7.0,2.0794415416798357,1
BOTANICA,2026-08-14 10:33:04,961.6103366764373,20.0,3.044522437723423,1
Weybridge Gardens,2026-08-14 10:34:43,987.7468445634184,1.0,0.6931471805599453,1
Lexington,2026-08-14 10:35:43,1294.6554946368665,4.0,1.6094379124341003,1
Weybridge Gardens 5,2026-08-14 10:42:27,1344.9496857064369,17.0,2.8903717578961645,1
THE HIGHBURY,2026-08-14 10:42:56,2217.8984467066093,5.0,1.791759469228055,1
Hillside Residences 1,2026-08-14 10:48:09,1235.2496995937584,5.0,1.791759469228055,1
Creek Haven,2026-08-14 10:48:10,2683.257958148243,40.0,3.713572066704308,1
EDMONTON ELM,2026-08-14 10:48:24,938.2944943180391,4.0,1.6094379124341003,1
MIDTOWN - DANIA,2026-08-14 10:53:44,1219.3239462485712,4.0,1.6094379124341003,1
Aeon,2026-08-14 10:57:30,2287.7173044424617,4.0,1.6094379124341003,1
Binghatti Canal,2026-08-14 10:57:35,1923.439863259368,2.0,1.0986122886681098,1
Azizi Riviera 20,2026-08-14 10:57:38,1849.9104503814872,1.0,0.6931471805599453,1
NEW DUBAI GATE1,2026-08-14 11:00:36,1225.2946468294354,1.0,0.6931471805599453,1
TOWN SQUARE SAFI,2026-08-14 11:20:06,1112.590588571633,8.0,2.1972245773362196,1
AZIZI. FEIROUZ,2026-08-14 11:23:13,1162.2854190144344,2.0,1.0986122886681098,1
NEW DUBAI GATE2,2026-08-14 11:23:32,1345.1804986816728,8.0,2.1972245773362196,1
AL MANARAH TOWER,2026-08-14 11:25:19,1006.6902621441577,3.0,1.3862943611198906,1
Jomana,2026-08-14 11:27:38,2596.5937947515295,5.0,1.791759469228055,1
LE GRAND CHATEAU,2026-08-14 11:28:06,954.5099504990465,3.0,1.3862943611198906,1
IMTIAZ SYMPHONY TOWER,2026-08-14 11:32:24,2482.0199174070794,94.0,4.553876891600541,1
IMPERIAL RESIDENCE,2026-08-14 11:33:30,940.6359149780781,4.0,1.6094379124341003,1
Alexis Tower,2026-08-14 11:41:26,1163.3846777186611,2.0,1.0986122886681098,1
Passo By Beyond,2026-08-14 11:41:54,5745.078640222714,37.0,3.6375861597263857,1
AYKON CITY 3,2026-08-14 11:47:20,2434.382189206805,12.0,2.5649493574615367,1
The Baltimore,2026-08-14 11:49:30,1605.8415724687136,5.0,1.791759469228055,1
HAYAT BOULEVARD,2026-08-14 11:51:05,1176.8015073363795,15.0,2.772588722239781,1
AL HABTOOR CITY,2026-08-14 11:51:11,1758.7676042436333,21.0,3.091042453358316,1
Vista by Prestige One,2026-08-14 11:51:46,1402.17572227222,13.0,2.6390573296152584,1
KENSINGTON WATERS,2026-08-14 11:52:15,2282.365147444288,7.0,2.0794415416798357,1
RAW DISTRICT BY IMTIAZ CR,2026-08-14 11:53:01,1761.5565720843065,342.0,5.8377304471659395,1
BEACH OASIS 2,2026-08-14 11:53:09,1538.7353970145414,242.0,5.493061443340548,1
CANAL RESIDENCE WEST (PHASE 1),2026-08-14 11:59:40,826.4403241903294,8.0,2.1972245773362196,1
EMIRATES GARDEN II - MAPLE,2026-08-14 12:01:06,722.956212816571,3.0,1.3862943611198906,1
QPOINT LIWAN - PLOT R002,2026-08-14 12:05:21,672.889535008351,2.0,1.0986122886681098,1
Hadley Heights 2,2026-08-14 12:07:08,1294.0215280127486,21.0,3.091042453358316,1
Greenfield by Samana Developers,2026-08-14 12:08:40,1410.30311553917,148.0,5.003946305945459,1
Samana Imperial Garden,2026-08-14 12:12:15,1836.0029877628197,101.0,4.624972813284271,1
Azizi Rose,2026-08-14 12:13:05,1502.1694499708797,4.0,1.6094379124341003,1
MIRACLZ TOWER,2026-08-14 12:24:17,1343.711883835844,10.0,2.3978952727983707,1
azizi venice 12,2026-08-14 12:27:07,1683.8181014743395,511.0,6.238324625039508,1
PRIVE BY DAMAC,2026-08-14 12:34:14,2020.095523257593,19.0,2.995732273553991,1
Seaside by Prestige One,2026-08-14 12:39:29,1434.2058268915057,4.0,1.6094379124341003,1
FORTE,2026-08-14 12:39:55,2690.8145147270943,8.0,2.1972245773362196,1
SKY HARMONY BY PEACE HOMES,2026-08-14 12:41:23,1535.1660133260239,30.0,3.4339872044851463,1
Kappa Acca 3,2026-08-14 12:45:14,1003.6053342572902,4.0,1.6094379124341003,1
KNIGHT BRIDGE COURT & KENSNGTON MANOR,2026-08-14 12:48:03,904.8058520577579,7.0,2.0794415416798357,1
AZIZI VENICE 9,2026-08-14 12:48:45,1880.8072438687393,263.0,5.575949103146316,1
Seven Hotel and Apartments The Palm,2026-08-14 12:55:40,3891.8127429391134,7.0,2.0794415416798357,1
AZIZI VENICE 4,2026-08-14 12:56:09,1669.3319611578052,66.0,4.204692619390966,1
STAMN YUNI,2026-08-14 12:59:35,1962.3574424686717,2.0,1.0986122886681098,1
"Mohammed Bin Rashid Al Maktoum City , District One Phase III  , Residences 14",2026-08-14 13:10:53,1828.8564309614806,,,1
Peninsula Two,2026-08-14 13:12:22,2539.360191047973,12.0,2.5649493574615367,1
Soma Residences,2026-08-14 13:13:35,2855.5698304891175,,,1
"The St. Regis Residences, Downtown Dubai",2026-08-14 13:18:03,2887.0487114889293,20.0,3.044522437723423,1
Collective,2026-08-14 13:29:07,2077.9199329724697,9.0,2.302585092994046,1
27 East End Garden Residences By Mirha Homes Real Estate Development,2026-08-14 13:47:20,1126.937176067182,10.0,2.3978952727983707,1
Moonsa Residences 2,2026-08-14 13:52:52,1630.0042325398226,1.0,0.6931471805599453,1
Azizi Gabriel,2026-08-14 13:54:51,1712.7250387595082,144.0,4.976733742420574,1
Astra Residences,2026-08-14 14:11:29,1792.6806243393685,6.0,1.9459101490553132,1
Golf Vale,2026-08-14 14:17:12,1696.6115868565405,68.0,4.23410650459726,1
AURA ELEGANCE,2026-08-14 14:27:21,1256.7974033213966,13.0,2.6390573296152584,1
Trevino,2026-08-14 14:35:00,1411.4073105984062,,,1
Cresswell Plaza,2026-08-14 14:47:03,1233.39276662709,19.0,2.995732273553991,1
Azizi Lina,2026-08-14 15:12:38,1770.4014426692625,128.0,4.859812404361672,1
SKY COURTS,2026-08-14 15:13:51,737.2638470762819,49.0,3.912023005428146,1
ELLINGTON HOUSE III,2026-08-14 15:19:39,2166.795560318037,,,1
DAMAC HILLS (2) - EVERGREENS,2026-08-14 15:21:40,1282.905961543545,1.0,0.6931471805599453,1
AZIZI VENICE 2,2026-08-14 15:24:57,1979.8239209763444,147.0,4.997212273764115,1
THE V TOWER,2026-08-14 15:31:20,943.6515691430161,4.0,1.6094379124341003,1
LUCKY RESIDENCE,2026-08-14 15:33:39,552.077587181036,2.0,1.0986122886681098,1
RAW DISTRICT BY IMTIAZ R,2026-08-14 15:41:17,1753.5950755672484,521.0,6.257667587882639,1
BURJ KHALIFA TOWERS,2026-08-14 15:56:07,2715.846759592585,30.0,3.4339872044851463,1
Celesto Tower 2,2026-08-14 16:01:50,1430.7029596907228,39.0,3.6888794541139363,1
HANOVER SQUARE,2026-08-14 16:04:20,861.5127422853573,13.0,2.6390573296152584,1
DAMAC DISTRICT,2026-08-14 16:09:42,1834.9363141084614,206.0,5.332718793265369,1
DAMAC CITY 2,2026-08-14 16:19:04,2946.546571848256,42.0,3.7612001156935624,1
DAMAC LAGOONS - LAGOON VIEWS 13,2026-08-14 16:21:59,1837.5369437086954,138.0,4.9344739331306915,1
Weybridge Gardens 3,2026-08-14 16:25:58,1191.1772261951123,4.0,1.6094379124341003,1
Park Residency,2026-08-14 16:36:21,1450.000007106637,3.0,1.3862943611198906,1
Samana Boulevard Heights,2026-08-14 16:43:20,1459.1465994966948,93.0,4.543294782270004,1
TRIA BY DEYAAR,2026-08-14 16:47:50,1265.930385175443,16.0,2.833213344056216,1
ELM AT PARK FIVE,2026-08-14 17:00:02,1227.0071386227087,7.0,2.0794415416798357,1
Symphony by Chaimaa,2026-08-14 17:45:18,1522.6704293370353,5.0,1.791759469228055,1
SOL LEVANTE,2026-08-14 17:52:08,1833.8393894109927,31.0,3.4657359027997265,1
Samana IBIZA,2026-08-14 17:55:51,1355.2606170651254,36.0,3.6109179126442243,1
Serene Gardens 2 by Prescott,2026-08-14 18:04:56,1224.217659114127,1.0,0.6931471805599453,1
Creek Beach - Savanna-Cedar-Mangrove,2026-08-14 18:14:46,2233.931051207661,16.0,2.833213344056216,1
Celesto Tower 3,2026-08-14 18:18:46,1720.1994967736416,9.0,2.302585092994046,1
Vista by Vision,2026-08-14 18:32:13,1262.9642230844183,63.0,4.1588830833596715,1
HARBOUR LIGHTS,2026-08-14 18:35:34,2035.654812208352,1.0,0.6931471805599453,1
Vincitore Wellness Estate,2026-08-14 19:00:21,1827.186535765093,48.0,3.8918202981106265,1
Vincitore Dolce Vita,2026-08-14 19:00:25,1717.6984610581528,4.0,1.6094379124341003,1
The Community - Sports Arena,2026-08-14 19:00:30,1324.1286823745643,12.0,2.5649493574615367,1
Bluewaters Residences,2026-08-15 00:00:00,4590.249208143577,13.0,2.6390573296152584,1
SEASONS COMMUNITY- SUMMER,2026-08-15 09:13:17,832.5899454222179,8.0,2.1972245773362196,1
Q Gardens Boutique Residences,2026-08-15 09:49:08,1235.5633284619903,3.0,1.3862943611198906,1
Rivo,2026-08-15 09:57:16,1223.438692093313,41.0,3.7376696182833684,1
KHK 31,2026-08-15 10:24:31,1130.996728458795,5.0,1.791759469228055,1
Bond Enclave,2026-08-15 10:55:50,1708.1043710618421,9.0,2.302585092994046,1
Lawnz Residence by Danube,2026-08-15 11:01:36,1170.2689100213395,13.0,2.6390573296152584,1
Cilia,2026-08-15 11:16:20,1744.663585664396,3.0,1.3862943611198906,1
OAKWOOD RESIDENCY,2026-08-15 11:17:22,777.3122071842796,3.0,1.3862943611198906,1
ROSALIA RESIDENCES,2026-08-15 11:47:37,1341.3282597391353,,,1
Azizi Riviera 47,2026-08-15 11:49:04,2349.5975905234613,4.0,1.6094379124341003,1
Terra Tower,2026-08-15 12:37:45,1600.0147130127211,12.0,2.5649493574615367,1
Azizi Mirage 1,2026-08-15 13:04:18,1398.722220813709,29.0,3.4011973816621555,1
Paradise View 1,2026-08-15 13:43:09,815.3211728274622,5.0,1.791759469228055,1
The Woods,2026-08-15 14:13:26,1874.9890104124572,61.0,4.127134385045092,1
SKYSCAPE,2026-08-15 14:23:44,2437.5141098879467,16.0,2.833213344056216,1
AMETHYST BY SIROYA,2026-08-15 14:37:04,1100.0918082105916,7.0,2.0794415416798357,1
Urban Life,2026-08-15 15:09:19,2301.915458573061,14.0,2.70805020110221,1
Oasiz 2 by Danube,2026-08-15 15:49:30,2028.2681674349874,12.0,2.5649493574615367,1
Farhad Azizi Residence,2026-08-15 16:01:31,1781.0202786672867,12.0,2.5649493574615367,1
RUFI GARDENS,2026-08-15 16:36:19,720.1868650130507,2.0,1.0986122886681098,1
Stax,2026-08-15 16:44:11,1449.5314011832131,76.0,4.343805421853684,1
FRANKFURT SPORTS TOWER I,2026-08-16 11:26:21,714.1162986952334,3.0,1.3862943611198906,1
LIORA,2026-08-16 11:41:30,1874.7427478837708,4.0,1.6094379124341003,1
Terra Woods,2026-08-17 08:23:00,2223.497662883016,45.0,3.828641396489095,1
UH EAST BY ELLINGTON,2026-08-17 08:27:55,1783.0206841190509,9.0,2.302585092994046,1
Wynwood Horizon by Imtiaz,2026-08-17 08:37:02,2286.1129573406397,13.0,2.6390573296152584,1
THE DUBAI MALL,2026-08-17 08:41:03,2646.3166090451205,2.0,1.0986122886681098,1
South Square,2026-08-17 08:45:12,1527.7678486612717,15.0,2.772588722239781,1
Binghatti Hills,2026-08-17 09:06:05,1789.1791989686385,25.0,3.258096538021482,1
Creek Bay,2026-08-17 09:21:47,2798.7237988639386,103.0,4.6443908991413725,1
EMPIRE GARDENS,2026-08-17 09:32:10,1615.2274671559685,33.0,3.5263605246161616,1
OXFORD RESIDENCE 2,2026-08-17 09:38:51,952.8425713037229,4.0,1.6094379124341003,1
Nuve By Zoya,2026-08-17 09:40:42,1549.695691014198,88.0,4.48863636973214,1
TORCH TOWER,2026-08-17 09:57:01,1449.0612774836623,8.0,2.1972245773362196,1
Edgewater Residences,2026-08-17 10:03:57,2033.3200290434254,1.0,0.6931471805599453,1
ALTA VIEW SKYHOMES,2026-08-17 10:07:13,1599.5135554378503,22.0,3.1354942159291497,1
Binghatti Vintage,2026-08-17 10:11:02,1834.5604295084472,49.0,3.912023005428146,1
Skyvue,2026-08-17 10:17:32,2999.218363899891,63.0,4.1588830833596715,1
BELGRAVIA,2026-08-17 10:22:38,588.0615426335494,2.0,1.0986122886681098,1
FAHAD 2,2026-08-17 10:24:21,947.742011329598,2.0,1.0986122886681098,1
Expo Valley Views,2026-08-17 10:26:01,1920.2331786548395,21.0,3.091042453358316,1
SPARKLE TOWERS,2026-08-17 10:29:49,2423.7706732701945,7.0,2.0794415416798357,1
Reef 996,2026-08-17 10:29:52,1674.2964814019815,88.0,4.48863636973214,1
NAUTIS RESIDENCES,2026-08-17 10:31:25,2826.579705290199,,,1
Binghatti Skyflame 2,2026-08-17 10:36:59,1401.2050609771486,72.0,4.290459441148391,1
BURJ VIEWS,2026-08-17 10:37:23,1625.680837594774,12.0,2.5649493574615367,1
UPPER CREST,2026-08-17 10:42:23,1509.1476592990018,3.0,1.3862943611198906,1
AZIZI VENICE 14,2026-08-17 10:44:01,1653.3257583825575,1639.0,7.402451520818244,1
OMYA RESIDENCES,2026-08-17 10:48:26,1685.2508161381625,74.0,4.31748811353631,1
Canal Front Residences-CF3&CF4,2026-08-17 10:48:30,2610.167090416318,8.0,2.1972245773362196,1
PARK RIDGE,2026-08-17 10:51:10,2369.0972883357226,18.0,2.9444389791664403,1
CREEK RISE,2026-08-17 10:53:21,2299.805662182688,13.0,2.6390573296152584,1
Lime Gardens,2026-08-17 10:55:16,2552.181558518179,12.0,2.5649493574615367,1
PRIME RESIDENCY2,2026-08-17 10:56:38,772.7759932327945,1.0,0.6931471805599453,1
DAMAC HILLS - CARSON,2026-08-17 10:59:45,1349.9794306088666,25.0,3.258096538021482,1
Downtown Views II,2026-08-17 11:04:07,2508.075021152768,18.0,2.9444389791664403,1
Binghatti Hillcrest,2026-08-17 11:05:39,2179.0064940165485,126.0,4.844187086458591,1
SAAS Hills,2026-08-17 11:07:03,1716.8848332224802,16.0,2.833213344056216,1
ELTIERA VIEWS,2026-08-17 11:17:24,2464.212350169096,579.0,6.363028103540465,1
SILVIANA PARK LIVING,2026-08-17 11:17:26,1430.5748357590119,4.0,1.6094379124341003,1
SEVEN CITY JLT,2026-08-17 11:18:52,1173.145380333957,19.0,2.995732273553991,1
OLYMPIC PARK 1,2026-08-17 11:22:13,1301.5888078246999,,,1
PARK HEIGHTS II,2026-08-17 11:26:05,1878.9397059730763,15.0,2.772588722239781,1
FAIR VIEW RESIDENCY,2026-08-17 11:26:47,1291.4626930000152,3.0,1.3862943611198906,1
Bluewaters Bay,2026-08-17 11:27:43,3552.6937743049807,5.0,1.791759469228055,1
Binghatti Phoenix,2026-08-17 11:28:16,1319.8817274844387,8.0,2.1972245773362196,1
DAMAC LAGOONS - VALENCIA,2026-08-17 11:28:22,1686.1153726147195,340.0,5.831882477283517,1
CONCEPT 7 RESIDENCES,2026-08-17 11:30:24,1279.6622254802198,4.0,1.6094379124341003,1
Prime Residency 3,2026-08-17 11:33:21,1664.6052074715144,1.0,0.6931471805599453,1
ELLINGTON SANDS II,2026-08-17 11:33:49,2892.0198052999694,22.0,3.1354942159291497,1
Parkland,2026-08-17 11:34:06,2249.213507961846,1.0,0.6931471805599453,1
Binghatti Etherea,2026-08-17 11:35:30,2274.389011653833,15.0,2.772588722239781,1
SILVERENE,2026-08-17 11:37:10,2379.1864776465472,9.0,2.302585092994046,1
THE ADDRESS DUBAI OPERA,2026-08-17 11:37:32,3232.861658517309,12.0,2.5649493574615367,1
Maybach Six,2026-08-17 11:38:28,3549.046984377917,220.0,5.3981627015177525,1
Regalia,2026-08-17 11:40:51,1763.5920037431729,28.0,3.367295829986474,1
Lincoln Star Residence,2026-08-17 11:44:57,1252.7743736536856,2.0,1.0986122886681098,1
Peninsula Three,2026-08-17 11:46:17,2599.7102850727065,41.0,3.7376696182833684,1
UH WEST BY ELLINGTON,2026-08-17 11:52:56,1949.1060077635716,10.0,2.3978952727983707,1
Boulevard Park 2,2026-08-17 11:55:06,1696.0925446344236,234.0,5.459585514144159,1
Sobha Hartland - The Crest,2026-08-17 11:55:33,2055.4310450780295,6.0,1.9459101490553132,1
VOXA RESIDENCES,2026-08-17 11:56:37,1935.2238088012296,30.0,3.4339872044851463,1
"No.17, No.18a,No.18b and No.19 Citywalk Residential",2026-08-17 12:00:22,2690.4608805499283,6.0,1.9459101490553132,1
GLITZ RESIDENCE 2,2026-08-17 12:10:11,1061.15264398307,2.0,1.0986122886681098,1
Golf Hills 2,2026-08-17 12:10:45,1798.035641195043,4.0,1.6094379124341003,1
THE BOROUGH,2026-08-17 12:11:11,1322.0393149115957,8.0,2.1972245773362196,1
Trillionaire Residences by Binghatti,2026-08-17 12:12:02,2220.482532764876,4.0,1.6094379124341003,1
Binghatti Flare 02,2026-08-17 12:14:09,1713.2962715809806,13.0,2.6390573296152584,1
BERMUDA VIEWS,2026-08-17 12:15:48,902.8798977209714,2.0,1.0986122886681098,1
Jadeel -Madinat Jumeirah Living,2026-08-17 12:16:07,3105.1394578317368,5.0,1.791759469228055,1
Binghatti Circle,2026-08-17 12:17:28,1582.3073016407434,6.0,1.9459101490553132,1
Binghatti Hillviews,2026-08-17 12:24:09,1725.4679196424563,28.0,3.367295829986474,1
Golf Grand,2026-08-17 12:24:10,2062.3508924126504,14.0,2.70805020110221,1
REMRAAM,2026-08-17 12:36:43,897.8746254719345,28.0,3.367295829986474,1
ROSEWELL,2026-08-17 12:39:26,1812.919137915579,4.0,1.6094379124341003,1
Azizi Shaista Residence,2026-08-17 12:40:39,1247.9275322569301,2.0,1.0986122886681098,1
SOBHA ONE,2026-08-17 12:41:28,2309.992862821276,43.0,3.784189633918261,1
MAG EYE Phase 1,2026-08-17 12:43:48,1513.4911198443642,13.0,2.6390573296152584,1
Binghatti Haven,2026-08-17 12:48:33,1278.9527795490992,11.0,2.4849066497880004,1
One by Binghatti,2026-08-17 12:48:34,2308.4951810430894,39.0,3.6888794541139363,1
Azizi Riviera 50,2026-08-17 12:51:51,2284.20689348821,30.0,3.4339872044851463,1
Binghatti Elite,2026-08-17 12:54:13,1503.157743331681,30.0,3.4339872044851463,1
Rise by Athlon 4,2026-08-17 12:57:45,1501.8969984439682,2.0,1.0986122886681098,1
SIRAJ TOWER,2026-08-17 13:03:11,1323.7492603250157,18.0,2.9444389791664403,1
Binghatti Skyterraces,2026-08-17 13:03:54,1822.420262916359,203.0,5.318119993844216,1
LIVA,2026-08-17 13:07:41,1557.2416016261766,8.0,2.1972245773362196,1
Sobha Creek Vistas,2026-08-17 13:09:02,1724.9918019764611,17.0,2.8903717578961645,1
Azizi Venice 6,2026-08-17 13:14:01,2046.1744855556158,778.0,6.658011045870748,1
Binghatti Avenue,2026-08-17 13:18:29,1473.8914607108536,8.0,2.1972245773362196,1
MERANO TOWER,2026-08-17 13:19:38,1380.7826586931128,3.0,1.3862943611198906,1
"Mohammed Bin Rashid Al Maktoum City , District One Phase III  , Residences 13",2026-08-17 13:19:53,1844.847311800815,6.0,1.9459101490553132,1
ONTARIO TOWER,2026-08-17 13:25:52,1285.9384726497767,4.0,1.6094379124341003,1
Aero 1,2026-08-17 13:33:31,1155.5695581448642,2.0,1.0986122886681098,1
OAKLEY SQUARE RESIDENCES,2026-08-17 13:35:36,97.78950648697374,5.0,1.791759469228055,1
LIVING LEGENDS PHASE 6,2026-08-17 13:39:33,1185.0836535299738,16.0,2.833213344056216,1
Bellavion by Sunrise,2026-08-17 13:50:53,1501.423245308876,9.0,2.302585092994046,1
Sobha Central,2026-08-17 13:56:58,3229.996586174479,91.0,4.5217885770490405,1
Sera Gardens by Vision,2026-08-17 13:58:41,1499.482513137811,76.0,4.343805421853684,1
Binghatti Cullinan,2026-08-17 13:59:11,2085.952958887377,59.0,4.0943445622221,1
DAMAC BAY 2,2026-08-17 14:04:32,4464.226360758765,6.0,1.9459101490553132,1
RUKAN,2026-08-17 14:05:20,1089.9987983809208,3.0,1.3862943611198906,1
Jumeirah Residences Emirates Towers,2026-08-17 14:05:28,4582.786546008093,1.0,0.6931471805599453,1
SPARKLZ by Danube,2026-08-17 14:06:16,1556.9343310518857,13.0,2.6390573296152584,1
Remraam - Al Ramth,2026-08-17 14:06:53,1054.1202334316931,3.0,1.3862943611198906,1
Mercedes-Benz Places | Binghatti,2026-08-17 14:10:35,5501.748110926264,7.0,2.0794415416798357,1
Ashley Hills,2026-08-17 14:12:32,1512.5204306533146,19.0,2.995732273553991,1
Rise by Athlon 1,2026-08-17 14:12:34,1602.8546251886219,26.0,3.295836866004329,1
AZIZI VENICE 11,2026-08-17 14:13:07,1672.0856715830455,222.0,5.407171771460119,1
1WOOD RESIDENCE 2,2026-08-17 14:16:24,1763.9929611245577,3.0,1.3862943611198906,1
City Walk Crestlane 4,2026-08-17 14:18:33,3295.5544471709136,12.0,2.5649493574615367,1
AZIZI VENICE 10,2026-08-17 14:19:40,1708.130009299691,198.0,5.293304824724492,1
Oceanz 2 By Danube,2026-08-17 14:21:05,2632.661700861527,17.0,2.8903717578961645,1
Bayz 101 By Danube,2026-08-17 14:24:33,3307.736848198928,6.0,1.9459101490553132,1
Rise by Athlon 2,2026-08-17 14:28:21,1700.730346633377,10.0,2.3978952727983707,1
Golf Trails,2026-08-17 14:30:36,1710.6098162679218,48.0,3.8918202981106265,1
DAMAC HILLS - GOLF VISTA,2026-08-17 14:31:32,1290.8729722690566,5.0,1.791759469228055,1
CAPITAL BAY B,2026-08-17 14:32:12,1508.8555170758218,2.0,1.0986122886681098,1
Grove Ridge,2026-08-17 14:37:53,1541.1897952966535,8.0,2.1972245773362196,1
Binghatti Aquarise,2026-08-17 14:40:12,2461.0100637469286,41.0,3.7376696182833684,1
ELARIS Sky,2026-08-17 14:41:59,1570.3033208138725,24.0,3.2188758248682006,1
AZIZI VENICE 7,2026-08-17 14:43:34,1846.5847384066333,298.0,5.700443573390687,1
EMIRATES GARDEN 2 (MAPLE- MAGNOLA - MULBERRY),2026-08-17 14:45:44,855.2881250898187,4.0,1.6094379124341003,1
Azizi Wares,2026-08-17 14:46:17,1718.1007900518298,83.0,4.430816798843313,1
Binghatti Luxuria,2026-08-17 14:47:31,1926.5256961245952,76.0,4.343805421853684,1
Arancia Yards By Beyond,2026-08-17 14:48:04,1733.4694793039591,181.0,5.204006687076795,1
Al Haseen Residence 3,2026-08-17 14:49:24,1363.9974139587634,6.0,1.9459101490553132,1
RAW DISTRICT 2 BY IMTIAZ,2026-08-17 14:50:16,1649.3169234424943,9.0,2.302585092994046,1
Boulevard Park 1,2026-08-17 14:52:25,1734.528852602119,138.0,4.9344739331306915,1
Azizi Venice 15,2026-08-17 14:55:42,1709.9538916081374,624.0,6.437751649736401,1
Binghatti Skyflame 1,2026-08-17 14:58:17,1379.030834548816,87.0,4.477336814478207,1
OXFORD COVE,2026-08-17 14:58:36,1587.9649921464425,104.0,4.653960350157523,1
Azizi Riviera 10,2026-08-17 15:00:58,1141.1004240209797,1.0,0.6931471805599453,1
PARK ISLANDS,2026-08-17 15:01:46,1611.6260420137269,14.0,2.70805020110221,1
Binghatti Titania,2026-08-17 15:03:28,1622.8609790287626,65.0,4.189654742026425,1
Azizi Milan 30,2026-08-17 15:03:51,1639.7431226730193,3.0,1.3862943611198906,1
Golf Vista Heights,2026-08-17 15:03:54,1246.2431590550596,6.0,1.9459101490553132,1
Al Haseen Residence 4,2026-08-17 15:07:15,1168.759711862912,18.0,2.9444389791664403,1
ADEBA AZIZI,2026-08-17 15:10:06,2041.6376222217348,83.0,4.430816798843313,1
BURJ AL NUJOOM,2026-08-17 15:10:13,1403.7393166786694,5.0,1.791759469228055,1
DAMAC TOWERS BY PARAMOUNT,2026-08-17 15:10:58,1306.727943997504,27.0,3.332204510175204,1
Binghatti Hillside,2026-08-17 15:12:00,2164.2484507920058,60.0,4.110873864173311,1
Serenz by Danube,2026-08-17 15:13:37,2186.9135081020036,177.0,5.181783550292085,1
Bugatti Residences by Binghatti,2026-08-17 15:14:16,6331.829142229393,13.0,2.6390573296152584,1
